,0
0,0xc68e2a702c7f2ecfaf6e4e885da1ceb2f767183a
1,0x26104955b8280c28ca392f42422fdbdbf93c7003
2,0x96c72085652787725690116cb06b208598175def
3,0x3b29edf2e6ada78b95492e0d0617d643a5ee55d3
4,N/A
5,0xc68e2a702c7f2ecfaf6e4e885da1ceb2f767183a
6,0xc68e2a702c7f2ecfaf6e4e885da1ceb2f767183a
7,0xc68e2a702c7f2ecfaf6e4e885da1ceb2f767183a
8,0x26104955b8280c28ca392f42422fdbdbf93c7003
9,0x26104955b8280c28ca392f42422fdbdbf93c7003
10,0x78e869870e425a4d78bc18c46be9a6b9b8417cb5
11,0xc68e2a702c7f2ecfaf6e4e885da1ceb2f767183a
12,0xc68e2a702c7f2ecfaf6e4e885da1ceb2f767183a
13,N/A
14,N/A
15,0xc68e2a702c7f2ecfaf6e4e885da1ceb2f767183a
16,0xc68e2a702c7f2ecfaf6e4e885da1ceb2f767183a
17,0xc68e2a702c7f2ecfaf6e4e885da1ceb2f767183a
18,0xc68e2a702c7f2ecfaf6e4e885da1ceb2f767183a
19,0xc68e2a702c7f2ecfaf6e4e885da1ceb2f767183a
20,0xc68e2a702c7f2ecfaf6e4e885da1ceb2f767183a
21,0xc68e2a702c7f2ecfaf6e4e885da1ceb2f767183a
22,0xc68e2a702c7f2ecfaf6e4e885da1ceb2f767183a
23,0xc68e2a702c7f2ecfaf6e4e885da1ceb2f767183a
24,0xc68e2a702c7f2ecfaf6e4e885da1ceb2f767183a
25,0xc68e2a702c7f2ecfaf6e4e885da1ceb2f767183a
26,0xc68e2a702c7f2ecfaf6e4e885da1ceb2f767183a
27,0xc68e2a702c7f2ecfaf6e4e885da1ceb2f767183a
28,0xc68e2a702c7f2ecfaf6e4e885da1ceb2f767183a
29,0xc68e2a702c7f2ecfaf6e4e885da1ceb2f767183a
30,0xc68e2a702c7f2ecfaf6e4e885da1ceb2f767183a
31,0xc68e2a702c7f2ecfaf6e4e885da1ceb2f767183a
32,0xc68e2a702c7f2ecfaf6e4e885da1ceb2f767183a
33,N/A
34,0x3b29edf2e6ada78b95492e0d0617d643a5ee55d3
35,0xc68e2a702c7f2ecfaf6e4e885da1ceb2f767183a
36,0xc68e2a702c7f2ecfaf6e4e885da1ceb2f767183a
37,0xc68e2a702c7f2ecfaf6e4e885da1ceb2f767183a
38,0xc68e2a702c7f2ecfaf6e4e885da1ceb2f767183a
39,0xc68e2a702c7f2ecfaf6e4e885da1ceb2f767183a
40,0xc68e2a702c7f2ecfaf6e4e885da1ceb2f767183a
41,N/A
42,0xc68e2a702c7f2ecfaf6e4e885da1ceb2f767183a
43,0xc68e2a702c7f2ecfaf6e4e885da1ceb2f767183a
44,0xc68e2a702c7f2ecfaf6e4e885da1ceb2f767183a
45,0xc68e2a702c7f2ecfaf6e4e885da1ceb2f767183a
46,0xc68e2a702c7f2ecfaf6e4e885da1ceb2f767183a
47,0xc68e2a702c7f2ecfaf6e4e885da1ceb2f767183a
48,0xc68e2a702c7f2ecfaf6e4e885da1ceb2f767183a
49,N/A
50,N/A
51,N/A
52,0xc68e2a702c7f2ecfaf6e4e885da1ceb2f767183a
53,N/A
54,N/A
55,N/A
56,N/A
57,N/A
58,N/A
59,0xc68e2a702c7f2ecfaf6e4e885da1ceb2f767183a
60,0xc68e2a702c7f2ecfaf6e4e885da1ceb2f767183a
61,N/A
62,0xc68e2a702c7f2ecfaf6e4e885da1ceb2f767183a
63,0xc68e2a702c7f2ecfaf6e4e885da1ceb2f767183a
64,0xc68e2a702c7f2ecfaf6e4e885da1ceb2f767183a
65,0xc68e2a702c7f2ecfaf6e4e885da1ceb2f767183a
66,0xc68e2a702c7f2ecfaf6e4e885da1ceb2f767183a
67,0xc68e2a702c7f2ecfaf6e4e885da1ceb2f767183a
68,N/A
69,0xc68e2a702c7f2ecfaf6e4e885da1ceb2f767183a
70,N/A
71,0xc68e2a702c7f2ecfaf6e4e885da1ceb2f767183a
72,0x3b29edf2e6ada78b95492e0d0617d643a5ee55d3
73,N/A
74,N/A
75,0xc68e2a702c7f2ecfaf6e4e885da1ceb2f767183a
76,N/A
77,N/A
78,N/A
79,0xbe79b3571dc006a7b918610fd540b1b59f86afc3
80,N/A
81,N/A
82,0x3b29edf2e6ada78b95492e0d0617d643a5ee55d3
83,N/A
84,0xc68e2a702c7f2ecfaf6e4e885da1ceb2f767183a
85,N/A
86,N/A
87,0xade38bd2e8d5a52e60047affe6e595bb5e61923a
88,N/A
89,N/A
90,N/A
91,N/A
92,N/A
93,N/A
94,N/A
95,N/A
96,N/A
97,N/A
98,N/A
99,N/A
