"Txhash","Blockno","UnixTimestamp","DateTime","From","To","TokenValue","USDValueDayOfTx","ContractAddress","TokenName","TokenSymbol",""
"0x854e1b6a368cffeba39dd57de6df31d5a351f0e0a86dcb417a21d27b0372c8d9","15769069","1666024739","2022-10-17 16:38:59","0x78e869870e425a4d78bc18c46be9a6b9b8417cb5","0xeb1cefa6f175b4c889582dfeea4ee155ccd5d2a5","100","N/A","0x51fa2efd62ee56a493f24ae963eace7d0051929e","POSEIDON OCEAN","psdnOCEAN",""
"0x0c8571483972176721d1fe8d490ba37e5936f7edbec620e864a77856769d485c","15769585","1666030955","2022-10-17 18:22:35","0xb1b1dba36512c4943f2d517d2edc256875404c5d","0xeb1cefa6f175b4c889582dfeea4ee155ccd5d2a5","39,960","N/A","0x51fa2efd62ee56a493f24ae963eace7d0051929e","POSEIDON OCEAN","psdnOCEAN",""
"0x17efcf226c747d76834d1cbe1f69806901deee7f4d39d2dea9839ff802c5462b","15772820","1666069907","2022-10-18 05:11:47","0x6ea2e777a43a0385243b2b715554c9f05f3e3fc1","0xeb1cefa6f175b4c889582dfeea4ee155ccd5d2a5","2,294.342215","N/A","0x51fa2efd62ee56a493f24ae963eace7d0051929e","POSEIDON OCEAN","psdnOCEAN",""
"0x11c97725cea01381dde670c857d7097b65144f9ece1d91f82ec1b211098678ba","15773246","1666075043","2022-10-18 06:37:23","0x30a20b0281df39e6337c3cbe5865e6fdcdcce3f1","0xeb1cefa6f175b4c889582dfeea4ee155ccd5d2a5","2,729.19258825147409697","N/A","0x51fa2efd62ee56a493f24ae963eace7d0051929e","POSEIDON OCEAN","psdnOCEAN",""
"0x7e13b972e48a44742336c1a8deb0859aaf2a55d83e3cd7a22e419bf99a3fb14a","15773735","1666080923","2022-10-18 08:15:23","0x06a2006ca85813e652506b865e590f44eae3928a","0xeb1cefa6f175b4c889582dfeea4ee155ccd5d2a5","1,061.47248498","N/A","0x51fa2efd62ee56a493f24ae963eace7d0051929e","POSEIDON OCEAN","psdnOCEAN",""
"0x02c24e97f37802fd1443811363e94a199b860dafe137fbccb752a5dcc5a08975","15773994","1666084031","2022-10-18 09:07:11","0x71d5b84d22b6df54fa6cc6c325ff36c86b9f356c","0xeb1cefa6f175b4c889582dfeea4ee155ccd5d2a5","10,112.994459532764238335","N/A","0x51fa2efd62ee56a493f24ae963eace7d0051929e","POSEIDON OCEAN","psdnOCEAN",""
"0x65d5b69eb40d593975eea6a08d91016c59a551836551f85fe3c6f8652b873797","15774891","1666094915","2022-10-18 12:08:35","0x1a7eedeadc8e38fadff8719f22d9ca54eda406a0","0xeb1cefa6f175b4c889582dfeea4ee155ccd5d2a5","39,960","N/A","0x51fa2efd62ee56a493f24ae963eace7d0051929e","POSEIDON OCEAN","psdnOCEAN",""
"0x4c0c1c40a52d552081912f9758718fac6fbada34ea2490c69649e016dcc44327","15775881","1666106843","2022-10-18 15:27:23","0x30a20b0281df39e6337c3cbe5865e6fdcdcce3f1","0xeb1cefa6f175b4c889582dfeea4ee155ccd5d2a5","2,804.185301824563182753","N/A","0x51fa2efd62ee56a493f24ae963eace7d0051929e","POSEIDON OCEAN","psdnOCEAN",""
"0xae80bb962c125146c5d238cbba3a4cba730c65506f8a7f63d9cd9f6b0f95aaf0","15776666","1666116299","2022-10-18 18:04:59","0x6ea2e777a43a0385243b2b715554c9f05f3e3fc1","0xeb1cefa6f175b4c889582dfeea4ee155ccd5d2a5","3,918.562854755737704615","N/A","0x51fa2efd62ee56a493f24ae963eace7d0051929e","POSEIDON OCEAN","psdnOCEAN",""
"0xc2bd1043489b1ded16bc8289ad3a8f184845b0c1ca6de8de998ad995852e9d36","15776929","1666119479","2022-10-18 18:57:59","0x6ea2e777a43a0385243b2b715554c9f05f3e3fc1","0xeb1cefa6f175b4c889582dfeea4ee155ccd5d2a5","100,000","N/A","0x51fa2efd62ee56a493f24ae963eace7d0051929e","POSEIDON OCEAN","psdnOCEAN",""
"0xb51adf30f866e9a93e056f6b349322db1e7d9f6838cfe11461a1096d296f66df","15781047","1666169183","2022-10-19 08:46:23","0x6ea2e777a43a0385243b2b715554c9f05f3e3fc1","0xeb1cefa6f175b4c889582dfeea4ee155ccd5d2a5","20,000","N/A","0x51fa2efd62ee56a493f24ae963eace7d0051929e","POSEIDON OCEAN","psdnOCEAN",""
"0xf9577a4b7a51192085c1d54198fd98b199f4a632f74e1a05b90e53be4c631b84","15782075","1666181579","2022-10-19 12:12:59","0x71d5b84d22b6df54fa6cc6c325ff36c86b9f356c","0xeb1cefa6f175b4c889582dfeea4ee155ccd5d2a5","5,000","N/A","0x51fa2efd62ee56a493f24ae963eace7d0051929e","POSEIDON OCEAN","psdnOCEAN",""
"0x2aeea45a83432503ade73f591635744e3366ab96e188ead6a4c3580f9fa91666","15801946","1666421243","2022-10-22 06:47:23","0xc0c0514363049224093ec8b610c00f292d80b621","0xeb1cefa6f175b4c889582dfeea4ee155ccd5d2a5","3,218.745389288004089481","N/A","0x51fa2efd62ee56a493f24ae963eace7d0051929e","POSEIDON OCEAN","psdnOCEAN",""
"0xa27fc6705de018ac2424ee4cb3848dc7fbece7715d32cb8beaaa2d692c06f129","15811391","1666535099","2022-10-23 14:24:59","0x3b7b41f27b89f07269a0599f15fba723f21f2442","0xeb1cefa6f175b4c889582dfeea4ee155ccd5d2a5","27,613.674168432781125812","N/A","0x51fa2efd62ee56a493f24ae963eace7d0051929e","POSEIDON OCEAN","psdnOCEAN",""
"0xd3da3f7a48046576f3dce6934de1b91f70db75accaafb9fc1369d7a008c47dc7","15823936","1666686899","2022-10-25 08:34:59","0x6ea2e777a43a0385243b2b715554c9f05f3e3fc1","0xeb1cefa6f175b4c889582dfeea4ee155ccd5d2a5","8,250.712122158363047048","N/A","0x51fa2efd62ee56a493f24ae963eace7d0051929e","POSEIDON OCEAN","psdnOCEAN",""
"0x5661a399c3010835716fb396caefb35ee4fdd7ec58c53cddd894ea338080ccd5","15830016","1666760411","2022-10-26 05:00:11","0x6ea2e777a43a0385243b2b715554c9f05f3e3fc1","0xeb1cefa6f175b4c889582dfeea4ee155ccd5d2a5","1,690.308","N/A","0x51fa2efd62ee56a493f24ae963eace7d0051929e","POSEIDON OCEAN","psdnOCEAN",""
"0x55c4571c78595b3ba3c20074b1e0ed78f6826065acbade734e133899f4654ff0","15830737","1666769123","2022-10-26 07:25:23","0xb1b1dba36512c4943f2d517d2edc256875404c5d","0xeb1cefa6f175b4c889582dfeea4ee155ccd5d2a5","81,150.529549025198200371","N/A","0x51fa2efd62ee56a493f24ae963eace7d0051929e","POSEIDON OCEAN","psdnOCEAN",""
"0xf65c21a94d116e1b49c2653c41cc73e691e39527de6cc8657ae36e17ee058b54","15831024","1666772579","2022-10-26 08:22:59","0x6ea2e777a43a0385243b2b715554c9f05f3e3fc1","0xeb1cefa6f175b4c889582dfeea4ee155ccd5d2a5","10,084.525761310335533734","N/A","0x51fa2efd62ee56a493f24ae963eace7d0051929e","POSEIDON OCEAN","psdnOCEAN",""
"0x4f260321388d182cf9ae7f777008d7f290a12348baa676cdd2518f1420bf31f0","15832630","1666791899","2022-10-26 13:44:59","0x6ea2e777a43a0385243b2b715554c9f05f3e3fc1","0xeb1cefa6f175b4c889582dfeea4ee155ccd5d2a5","35,000","N/A","0x51fa2efd62ee56a493f24ae963eace7d0051929e","POSEIDON OCEAN","psdnOCEAN",""
"0x417e83cf4379f357a22322aff2c93821086bc5bc81df31f716299ec619f6597e","15847530","1666971767","2022-10-28 15:42:47","0x6ea2e777a43a0385243b2b715554c9f05f3e3fc1","0xeb1cefa6f175b4c889582dfeea4ee155ccd5d2a5","34,538.946185591914074836","N/A","0x51fa2efd62ee56a493f24ae963eace7d0051929e","POSEIDON OCEAN","psdnOCEAN",""
"0x3b66dbae6ca62952ab438fcc26318ce6904f48463bfd317bb6a0521fb1487e16","15848409","1666982387","2022-10-28 18:39:47","0x83304d9141c01f4dc27639f0efd0ac78efc74a38","0xeb1cefa6f175b4c889582dfeea4ee155ccd5d2a5","54.086484688689874032","$9.80","0x967da4048cd07ab37855c090aaf366e4ce1b9f48","Ocean Token","OCEAN",""
"0x3b66dbae6ca62952ab438fcc26318ce6904f48463bfd317bb6a0521fb1487e16","15848409","1666982387","2022-10-28 18:39:47","0x83304d9141c01f4dc27639f0efd0ac78efc74a38","0xeb1cefa6f175b4c889582dfeea4ee155ccd5d2a5","58.405745905896216972","$10.58","0x967da4048cd07ab37855c090aaf366e4ce1b9f48","Ocean Token","OCEAN",""
"0x65420e12720d35bb8fa946c2e801923836e64a70ca7ca83d207a497d78fb6324","15859117","1667111699","2022-10-30 06:34:59","0xeb1cefa6f175b4c889582dfeea4ee155ccd5d2a5","0xdee4e935d47ca5e97025e92b96e74cc348553f99","1.12002661564266","$0.20","0x967da4048cd07ab37855c090aaf366e4ce1b9f48","Ocean Token","OCEAN",""
"0x0126d68da671a20d379114703d01e72ac88a21059bebc709e2b92fa98a3c3351","15859679","1667118479","2022-10-30 08:27:59","0x6ea2e777a43a0385243b2b715554c9f05f3e3fc1","0xeb1cefa6f175b4c889582dfeea4ee155ccd5d2a5","21.978","N/A","0x51fa2efd62ee56a493f24ae963eace7d0051929e","POSEIDON OCEAN","psdnOCEAN",""
"0xb5de3a4f5c612cb52d2286ad3759ebecc70eefc515802ebcae2fa8de12cb420a","15859699","1667118719","2022-10-30 08:31:59","0x6ea2e777a43a0385243b2b715554c9f05f3e3fc1","0xeb1cefa6f175b4c889582dfeea4ee155ccd5d2a5","17,021.487823873910348655","N/A","0x51fa2efd62ee56a493f24ae963eace7d0051929e","POSEIDON OCEAN","psdnOCEAN",""
"0xb5415af52ca07aa5d04c51e8582679fc404075fd61eef2aee576e302373ca687","15861026","1667134703","2022-10-30 12:58:23","0x6ea2e777a43a0385243b2b715554c9f05f3e3fc1","0xeb1cefa6f175b4c889582dfeea4ee155ccd5d2a5","6,273.424776385336147416","N/A","0x51fa2efd62ee56a493f24ae963eace7d0051929e","POSEIDON OCEAN","psdnOCEAN",""
"0x0b75399590f9dd2bdedcf23b2383a2de1daa87f6a6c3c02cde0aa2139c6739f8","15874133","1667292995","2022-11-01 08:56:35","0xeb1cefa6f175b4c889582dfeea4ee155ccd5d2a5","0x1a7eedeadc8e38fadff8719f22d9ca54eda406a0","39,960","N/A","0x51fa2efd62ee56a493f24ae963eace7d0051929e","POSEIDON OCEAN","psdnOCEAN",""
"0x0b75399590f9dd2bdedcf23b2383a2de1daa87f6a6c3c02cde0aa2139c6739f8","15874133","1667292995","2022-11-01 08:56:35","0xeb1cefa6f175b4c889582dfeea4ee155ccd5d2a5","0x1a7eedeadc8e38fadff8719f22d9ca54eda406a0","5.22361932931934316","$0.88","0x967da4048cd07ab37855c090aaf366e4ce1b9f48","Ocean Token","OCEAN",""
"0x621d51318d8c9597b8a6adc785ab8fc472055abc41eb022b554a274877516708","15879374","1667356355","2022-11-02 02:32:35","0xeb1cefa6f175b4c889582dfeea4ee155ccd5d2a5","0x30a20b0281df39e6337c3cbe5865e6fdcdcce3f1","22,576.843713949947628378","N/A","0x51fa2efd62ee56a493f24ae963eace7d0051929e","POSEIDON OCEAN","psdnOCEAN",""
"0x621d51318d8c9597b8a6adc785ab8fc472055abc41eb022b554a274877516708","15879374","1667356355","2022-11-02 02:32:35","0xeb1cefa6f175b4c889582dfeea4ee155ccd5d2a5","0x30a20b0281df39e6337c3cbe5865e6fdcdcce3f1","2.589471915783333329","$0.45","0x967da4048cd07ab37855c090aaf366e4ce1b9f48","Ocean Token","OCEAN",""
"0xf3d9e2c204ef60dfb0a09000644971074b0f9e4bbb3459f786a18f5aebd94e0b","15909991","1667725823","2022-11-06 09:10:23","0x83304d9141c01f4dc27639f0efd0ac78efc74a38","0xeb1cefa6f175b4c889582dfeea4ee155ccd5d2a5","327.093481482813250232","$71.82","0x967da4048cd07ab37855c090aaf366e4ce1b9f48","Ocean Token","OCEAN",""
"0xa95b706ff25aa9448439493ea938bd9f35a5c66fdf2e80328ef237177e94ca3d","15909995","1667725871","2022-11-06 09:11:11","0x83304d9141c01f4dc27639f0efd0ac78efc74a38","0xeb1cefa6f175b4c889582dfeea4ee155ccd5d2a5","27.906395414026113092","$6.13","0x967da4048cd07ab37855c090aaf366e4ce1b9f48","Ocean Token","OCEAN",""
"0xdd3da7b4e1edaa6c9acf68170d938b5e330bb49668c2c02a58b09ead75bff373","15916917","1667809283","2022-11-07 08:21:23","0xeb1cefa6f175b4c889582dfeea4ee155ccd5d2a5","0x71d5b84d22b6df54fa6cc6c325ff36c86b9f356c","5.966462245987427267","$1.41","0x967da4048cd07ab37855c090aaf366e4ce1b9f48","Ocean Token","OCEAN",""
"0x2e96c581a2258b74fe510d22405dd86d07420481c8757db2aea21be45eb6b885","15938144","1668065495","2022-11-10 07:31:35","0x6ea2e777a43a0385243b2b715554c9f05f3e3fc1","0xeb1cefa6f175b4c889582dfeea4ee155ccd5d2a5","17,689.990108727278673385","N/A","0x51fa2efd62ee56a493f24ae963eace7d0051929e","POSEIDON OCEAN","psdnOCEAN",""
"0xfa909b314262eccbe00f0157c76c9b4977b94d995c60c1c21fc6679f2e9bb56b","15945473","1668153959","2022-11-11 08:05:59","0xeddd6da80fea5c7b848f50ee9d2e9fa4a212b88b","0xeb1cefa6f175b4c889582dfeea4ee155ccd5d2a5","5,538.708747","N/A","0x51fa2efd62ee56a493f24ae963eace7d0051929e","POSEIDON OCEAN","psdnOCEAN",""
"0x5fb530f9148db962ebf49549762499d01fc2c072c154ca3ecf19e4f3c6f9319b","15960187","1668331475","2022-11-13 09:24:35","0x83304d9141c01f4dc27639f0efd0ac78efc74a38","0xeb1cefa6f175b4c889582dfeea4ee155ccd5d2a5","335.70353798524209896","$44.58","0x967da4048cd07ab37855c090aaf366e4ce1b9f48","Ocean Token","OCEAN",""
"0xaefb054ab2fb772683e7699c0eb3247b92b23616110e2f7663755f567d1865e1","15960189","1668331499","2022-11-13 09:24:59","0x83304d9141c01f4dc27639f0efd0ac78efc74a38","0xeb1cefa6f175b4c889582dfeea4ee155ccd5d2a5","171.650674090700852192","$22.79","0x967da4048cd07ab37855c090aaf366e4ce1b9f48","Ocean Token","OCEAN",""
"0x695b853733e3bffcdda604df483c7f7092348ccc6a0f75990f9cfebaa4c6063e","15969828","1668447611","2022-11-14 17:40:11","0xeb1cefa6f175b4c889582dfeea4ee155ccd5d2a5","0x5345ff51850ca1c4fbb499599624b6e6096fb92f","53.602050523209896242","$7.28","0x967da4048cd07ab37855c090aaf366e4ce1b9f48","Ocean Token","OCEAN",""
"0xb807e8132302cbee932229a9bb3866e2e185f5f58898fc87b046caf83341a11d","15979160","1668560315","2022-11-16 00:58:35","0xeb1cefa6f175b4c889582dfeea4ee155ccd5d2a5","0x5b520e99129194105c465230d3cb6c9e4b172147","162.2440864944524","$21.45","0x967da4048cd07ab37855c090aaf366e4ce1b9f48","Ocean Token","OCEAN",""
"0x09b2b3d5c4ad07a235490cc3c2e2da35aef4c2fdf6e98d256cdc37791cae3c35","15982748","1668603647","2022-11-16 13:00:47","0xeb1cefa6f175b4c889582dfeea4ee155ccd5d2a5","0x8ed4877c476df391b77c1827184c072640924266","59.86218280413182","$7.92","0x967da4048cd07ab37855c090aaf366e4ce1b9f48","Ocean Token","OCEAN",""
"0x32d45db01ba52c62c3a1ca20c42c7d974470c9237bdfcb44061dbb3a669cf5dc","15997842","1668785855","2022-11-18 15:37:35","0x6ea2e777a43a0385243b2b715554c9f05f3e3fc1","0xeb1cefa6f175b4c889582dfeea4ee155ccd5d2a5","6,334.709428368599780129","N/A","0x51fa2efd62ee56a493f24ae963eace7d0051929e","POSEIDON OCEAN","psdnOCEAN",""
"0xcd6ff6d182237ca18f71091a99ac19957acf61c7cdd3cbc0cce5e8a2ea9c0d27","16002060","1668836747","2022-11-19 05:45:47","0xeb1cefa6f175b4c889582dfeea4ee155ccd5d2a5","0xdee4e935d47ca5e97025e92b96e74cc348553f99","42.51353356026392","$5.56","0x967da4048cd07ab37855c090aaf366e4ce1b9f48","Ocean Token","OCEAN",""
"0x555a3dc6e2503286b540b577ebfad3d86c85d667366c6c99df1287a5a7a46b01","16010535","1668938951","2022-11-20 10:09:11","0x83304d9141c01f4dc27639f0efd0ac78efc74a38","0xeb1cefa6f175b4c889582dfeea4ee155ccd5d2a5","275.260320033653171699","$34.31","0x967da4048cd07ab37855c090aaf366e4ce1b9f48","Ocean Token","OCEAN",""
"0xdf7165bd89c438d9a4634830b2c743e001a9c33598d69650f3ca28a134580f05","16010535","1668938951","2022-11-20 10:09:11","0x83304d9141c01f4dc27639f0efd0ac78efc74a38","0xeb1cefa6f175b4c889582dfeea4ee155ccd5d2a5","971.593109642975600705","$121.09","0x967da4048cd07ab37855c090aaf366e4ce1b9f48","Ocean Token","OCEAN",""
"0x929add7a7f8db376624168e18b5c963710ff85342b1a02c86d38da3043dc9d3f","16012416","1668961667","2022-11-20 16:27:47","0x5bb103c0b54cc23d26c3a32276b06470dc5ceba6","0xeb1cefa6f175b4c889582dfeea4ee155ccd5d2a5","895.4329900379893533","N/A","0x51fa2efd62ee56a493f24ae963eace7d0051929e","POSEIDON OCEAN","psdnOCEAN",""
"0xd1f6411139f2529db8640252d4436d71f02079cee6d40523121d64926c9d9e37","16017278","1669020299","2022-11-21 08:44:59","0xeb1cefa6f175b4c889582dfeea4ee155ccd5d2a5","0x71d5b84d22b6df54fa6cc6c325ff36c86b9f356c","36.039198903562626628","$4.29","0x967da4048cd07ab37855c090aaf366e4ce1b9f48","Ocean Token","OCEAN",""
"0x2e46cbd51957fb818ed84c32a0bde2f2e2311be57d87f193d0c0f60fef6b0cbd","16032369","1669202567","2022-11-23 11:22:47","0xeb1cefa6f175b4c889582dfeea4ee155ccd5d2a5","0xb1b1dba36512c4943f2d517d2edc256875404c5d","444.786623917345685653","$57.47","0x967da4048cd07ab37855c090aaf366e4ce1b9f48","Ocean Token","OCEAN",""
"0x1d1591f26a12e76b2d842922813da5d91ce6e5201c6dd8060b1c174f62279db6","16040054","1669295507","2022-11-24 13:11:47","0xeb1cefa6f175b4c889582dfeea4ee155ccd5d2a5","0x5b520e99129194105c465230d3cb6c9e4b172147","250.5540296408184","$32.28","0x967da4048cd07ab37855c090aaf366e4ce1b9f48","Ocean Token","OCEAN",""
"0xf306e903b47d857ed5afc6bdcb7945799533440b3903198ae96bb018d887a0eb","16061880","1669558811","2022-11-27 14:20:11","0x83304d9141c01f4dc27639f0efd0ac78efc74a38","0xeb1cefa6f175b4c889582dfeea4ee155ccd5d2a5","272.231602239464937543","$36.51","0x967da4048cd07ab37855c090aaf366e4ce1b9f48","Ocean Token","OCEAN",""
"0xac14b3473ec19367ab1a6ceeb9dfcdd133c3159dfc250f8f0b1688ef6af95068","16061881","1669558823","2022-11-27 14:20:23","0x83304d9141c01f4dc27639f0efd0ac78efc74a38","0xeb1cefa6f175b4c889582dfeea4ee155ccd5d2a5","15.327123420289406622","$2.06","0x967da4048cd07ab37855c090aaf366e4ce1b9f48","Ocean Token","OCEAN",""
"0x6f52395ed4da8395a369b5c39b82e36a4ecb3e51f49328eff33cd56e0e2bc408","16063829","1669582367","2022-11-27 20:52:47","0x6ea2e777a43a0385243b2b715554c9f05f3e3fc1","0xeb1cefa6f175b4c889582dfeea4ee155ccd5d2a5","1,000.8963293193573467","N/A","0x51fa2efd62ee56a493f24ae963eace7d0051929e","POSEIDON OCEAN","psdnOCEAN",""
"0x69260e5531b54df76c17fb550eca2a0369f4242a8efc4a32561a217fe45754c1","16079697","1669773827","2022-11-30 02:03:47","0xeb1cefa6f175b4c889582dfeea4ee155ccd5d2a5","0x5345ff51850ca1c4fbb499599624b6e6096fb92f","161.254896725505018061","$22.89","0x967da4048cd07ab37855c090aaf366e4ce1b9f48","Ocean Token","OCEAN",""
"0xb5e8c08b9ca658658ee0564ddc44a9c312eb9fbc8d7f8b7f6a6389a8448240b4","16099556","1670013443","2022-12-02 20:37:23","0xeb1cefa6f175b4c889582dfeea4ee155ccd5d2a5","0x5d01096dd2a43089abb7dad405e9b61779b5f786","13.437977567715005848","$1.87","0x967da4048cd07ab37855c090aaf366e4ce1b9f48","Ocean Token","OCEAN",""
"0x6cb997359952ee4273defde014b5e21c3581a377ee94e7259f747758a7f8432d","16103958","1670066519","2022-12-03 11:21:59","0xeb1cefa6f175b4c889582dfeea4ee155ccd5d2a5","0xec39be1abce3f9af3a6a5a738bcdf915e07fb4fe","59.6685656002714431","$8.09","0x967da4048cd07ab37855c090aaf366e4ce1b9f48","Ocean Token","OCEAN",""
"0x489bce953e82ebce8e199f845eed41960dcb37cddde5760e3f384bae2e95724e","16113533","1670182163","2022-12-04 19:29:23","0x83304d9141c01f4dc27639f0efd0ac78efc74a38","0xeb1cefa6f175b4c889582dfeea4ee155ccd5d2a5","269.019018245210579072","$37.47","0x967da4048cd07ab37855c090aaf366e4ce1b9f48","Ocean Token","OCEAN",""
"0x4be0ccb79f44f2590b0f7e66395d831ecd20c5a2819a78a6cb71f799fd1721ce","16113534","1670182175","2022-12-04 19:29:35","0x83304d9141c01f4dc27639f0efd0ac78efc74a38","0xeb1cefa6f175b4c889582dfeea4ee155ccd5d2a5","926.41531420498454391","$129.04","0x967da4048cd07ab37855c090aaf366e4ce1b9f48","Ocean Token","OCEAN",""
"0x26e20cf61c96498ff8adbdd5a24efd4727308fefaf6cefbce801888abb06a7a6","16124338","1670312675","2022-12-06 07:44:35","0xeb1cefa6f175b4c889582dfeea4ee155ccd5d2a5","0xf9303877f107f5cd2cb0654b6d7a6d749fa03856","103.62536061600796647","$14.51","0x967da4048cd07ab37855c090aaf366e4ce1b9f48","Ocean Token","OCEAN",""
"0xd1eda39c0f697dbfd60902142cc2d345ac6725ec95fb3d73d8f559e5315a5d18","16146710","1670583671","2022-12-09 11:01:11","0xeb1cefa6f175b4c889582dfeea4ee155ccd5d2a5","0x5b520e99129194105c465230d3cb6c9e4b172147","378.0094754667812","$57.93","0x967da4048cd07ab37855c090aaf366e4ce1b9f48","Ocean Token","OCEAN",""
"0x605a69f255a42aca108b2cd8033ab4f247bbbd52eafd91fd56fe6e784540f05e","16163357","1670784491","2022-12-11 18:48:11","0xeb1cefa6f175b4c889582dfeea4ee155ccd5d2a5","0xb1b1dba36512c4943f2d517d2edc256875404c5d","626.955085189385835298","$100.66","0x967da4048cd07ab37855c090aaf366e4ce1b9f48","Ocean Token","OCEAN",""
"0x3520478955308a88d2593fbfd0be378d34c0514103c12bd2b30714584d46de9f","16171127","1670878331","2022-12-12 20:52:11","0x83304d9141c01f4dc27639f0efd0ac78efc74a38","0xeb1cefa6f175b4c889582dfeea4ee155ccd5d2a5","270.554490275778891713","$46.32","0x967da4048cd07ab37855c090aaf366e4ce1b9f48","Ocean Token","OCEAN",""
"0xa4474682af91e26e5c3609ab1615a1e0a3a0d13ff7eb409941652ee1208a4c0e","16171128","1670878343","2022-12-12 20:52:23","0x83304d9141c01f4dc27639f0efd0ac78efc74a38","0xeb1cefa6f175b4c889582dfeea4ee155ccd5d2a5","825.341117868103646366","$141.31","0x967da4048cd07ab37855c090aaf366e4ce1b9f48","Ocean Token","OCEAN",""
"0xde6e1dd718032ce9fbb361bd2b43a0d7737a117ee05a5bb865a3442960fb2e9c","16174374","1670917487","2022-12-13 07:44:47","0x87fc1313880d579039ac48db8b25428ed5f33c4a","0xeb1cefa6f175b4c889582dfeea4ee155ccd5d2a5","5,889.315075717189031222","N/A","0x51fa2efd62ee56a493f24ae963eace7d0051929e","POSEIDON OCEAN","psdnOCEAN",""
"0xcb867c96a9f70b6067955b6e74596bba4969c07d862f2e5568fac16d21cd5df7","16181518","1671003779","2022-12-14 07:42:59","0xeb1cefa6f175b4c889582dfeea4ee155ccd5d2a5","0x71d5b84d22b6df54fa6cc6c325ff36c86b9f356c","99.977601335341897164","$17.25","0x967da4048cd07ab37855c090aaf366e4ce1b9f48","Ocean Token","OCEAN",""
"0xb4c14e20f5216a2e6875392347a82dc21b05803de0c238e6dbbafb78b48aaa74","16182921","1671020747","2022-12-14 12:25:47","0xeb1cefa6f175b4c889582dfeea4ee155ccd5d2a5","0x06a2006ca85813e652506b865e590f44eae3928a","1,061.47248498","N/A","0x51fa2efd62ee56a493f24ae963eace7d0051929e","POSEIDON OCEAN","psdnOCEAN",""
"0xb4c14e20f5216a2e6875392347a82dc21b05803de0c238e6dbbafb78b48aaa74","16182921","1671020747","2022-12-14 12:25:47","0xeb1cefa6f175b4c889582dfeea4ee155ccd5d2a5","0x06a2006ca85813e652506b865e590f44eae3928a","10.048620966440148482","$1.73","0x967da4048cd07ab37855c090aaf366e4ce1b9f48","Ocean Token","OCEAN",""
"0x8d490b943232d9226ca86af1af9a7e6a834075a78aa654b167267137ff2c0467","16186146","1671059615","2022-12-14 23:13:35","0x30a20b0281df39e6337c3cbe5865e6fdcdcce3f1","0xeb1cefa6f175b4c889582dfeea4ee155ccd5d2a5","23,894.514477041104226732","N/A","0x51fa2efd62ee56a493f24ae963eace7d0051929e","POSEIDON OCEAN","psdnOCEAN",""
"0x3be13e406dbfa2783fba231eddc847af73b59c27517ae11e806ec8bde06060cf","16195557","1671173195","2022-12-16 06:46:35","0x30a20b0281df39e6337c3cbe5865e6fdcdcce3f1","0xeb1cefa6f175b4c889582dfeea4ee155ccd5d2a5","12,303.7504299946707285","N/A","0x51fa2efd62ee56a493f24ae963eace7d0051929e","POSEIDON OCEAN","psdnOCEAN",""
"0x9af144fa1c00af67c2030753b42e3b7d20100c5254abe33eecd9f086151cf804","16195690","1671174803","2022-12-16 07:13:23","0x6ea2e777a43a0385243b2b715554c9f05f3e3fc1","0xeb1cefa6f175b4c889582dfeea4ee155ccd5d2a5","35,028.835276782494354113","N/A","0x51fa2efd62ee56a493f24ae963eace7d0051929e","POSEIDON OCEAN","psdnOCEAN",""
"0x93b6f748abaf275cbe7cf907a0f80f01196353438e1df2d850b720084bfb96e7","16203717","1671271655","2022-12-17 10:07:35","0x87fc1313880d579039ac48db8b25428ed5f33c4a","0xeb1cefa6f175b4c889582dfeea4ee155ccd5d2a5","4,355.264314757501191572","N/A","0x51fa2efd62ee56a493f24ae963eace7d0051929e","POSEIDON OCEAN","psdnOCEAN",""
"0xe7f9af486d10617047d1ba7c2cf260eba83b0c54924accfec19de814868873ed","16214788","1671405215","2022-12-18 23:13:35","0xeb1cefa6f175b4c889582dfeea4ee155ccd5d2a5","0x5b520e99129194105c465230d3cb6c9e4b172147","302.140860975215","$44.78","0x967da4048cd07ab37855c090aaf366e4ce1b9f48","Ocean Token","OCEAN",""
"0xe40e5d0e9a0bbed7cd08f57319d6355438779c9551d03f9a750ab92f74eeac1f","16224979","1671528107","2022-12-20 09:21:47","0x83304d9141c01f4dc27639f0efd0ac78efc74a38","0xeb1cefa6f175b4c889582dfeea4ee155ccd5d2a5","264.832904934384519695","$41.22","0x967da4048cd07ab37855c090aaf366e4ce1b9f48","Ocean Token","OCEAN",""
"0xbe9262b8687d90f8d1bed60473181c675b84b2fa9e397115acad243ec1d72e61","16224980","1671528119","2022-12-20 09:21:59","0x83304d9141c01f4dc27639f0efd0ac78efc74a38","0xeb1cefa6f175b4c889582dfeea4ee155ccd5d2a5","44.180229424625256333","$6.88","0x967da4048cd07ab37855c090aaf366e4ce1b9f48","Ocean Token","OCEAN",""
"0xb99d8b45c247b4622e91c40abf6929a1a6bb00ef49a5f50a48ca3e58dc9be6ac","16231612","1671608051","2022-12-21 07:34:11","0x87fc1313880d579039ac48db8b25428ed5f33c4a","0xeb1cefa6f175b4c889582dfeea4ee155ccd5d2a5","3,142.374856426573496828","N/A","0x51fa2efd62ee56a493f24ae963eace7d0051929e","POSEIDON OCEAN","psdnOCEAN",""
"0xa544a64db6c33fc7bf670ffce39d8eff07c7a8d84da9d6db53687e15a19fba5d","16239007","1671697211","2022-12-22 08:20:11","0x87fc1313880d579039ac48db8b25428ed5f33c4a","0xeb1cefa6f175b4c889582dfeea4ee155ccd5d2a5","2,970.819005797264451574","N/A","0x51fa2efd62ee56a493f24ae963eace7d0051929e","POSEIDON OCEAN","psdnOCEAN",""
"0x66f79973301965a1e9567e45b2c8b735fffcb7a68f4b94cc3a72d71bf7de601a","16239732","1671705923","2022-12-22 10:45:23","0xeb1cefa6f175b4c889582dfeea4ee155ccd5d2a5","0xb1b1dba36512c4943f2d517d2edc256875404c5d","307.821844030632975502","$50.37","0x967da4048cd07ab37855c090aaf366e4ce1b9f48","Ocean Token","OCEAN",""
"0x23ac33ebe168cc880284f70c96c824b4e9f91a67c34f941dcf0251e3b2906c0e","16260333","1671954059","2022-12-25 07:40:59","0xeb1cefa6f175b4c889582dfeea4ee155ccd5d2a5","0xf9303877f107f5cd2cb0654b6d7a6d749fa03856","142.626884789660550181","$23.41","0x967da4048cd07ab37855c090aaf366e4ce1b9f48","Ocean Token","OCEAN",""
"0xf2088026f884486e25a262ded63283f184a28b753d1b0abe6839703b58330f09","16268798","1672056107","2022-12-26 12:01:47","0x87fc1313880d579039ac48db8b25428ed5f33c4a","0xeb1cefa6f175b4c889582dfeea4ee155ccd5d2a5","2,903.912104237829519222","N/A","0x51fa2efd62ee56a493f24ae963eace7d0051929e","POSEIDON OCEAN","psdnOCEAN",""
"0x9e1b407077a0af2286aa8395496c59d2e8a4adc926bedccdd15c24d4a6b80122","16269089","1672059647","2022-12-26 13:00:47","0x341a85f21a1e2f60e70e1b5b326e1fc70af8da4b","0xeb1cefa6f175b4c889582dfeea4ee155ccd5d2a5","1,000.08848498","N/A","0x51fa2efd62ee56a493f24ae963eace7d0051929e","POSEIDON OCEAN","psdnOCEAN",""
"0xf9fe931ca3ae1f09c34f9e636136abe2fe18aeae49012774aed61940898a7a6f","16275821","1672140923","2022-12-27 11:35:23","0x83304d9141c01f4dc27639f0efd0ac78efc74a38","0xeb1cefa6f175b4c889582dfeea4ee155ccd5d2a5","262.988634814033430048","$44.59","0x967da4048cd07ab37855c090aaf366e4ce1b9f48","Ocean Token","OCEAN",""
"0x4050aa8de95ff8acccd3094b0e43f9f1010ce8428cbd7828666ae8a0f91ca71a","16275823","1672140947","2022-12-27 11:35:47","0x83304d9141c01f4dc27639f0efd0ac78efc74a38","0xeb1cefa6f175b4c889582dfeea4ee155ccd5d2a5","254.367358704471661346","$43.13","0x967da4048cd07ab37855c090aaf366e4ce1b9f48","Ocean Token","OCEAN",""
"0xdc10bc7ee2aea119703cd732a16b85bde4e6e0ccad8fdc0fc0eb073c9b802afe","16285184","1672253783","2022-12-28 18:56:23","0xeb1cefa6f175b4c889582dfeea4ee155ccd5d2a5","0x5345ff51850ca1c4fbb499599624b6e6096fb92f","246.944130285575469621","$42.89","0x967da4048cd07ab37855c090aaf366e4ce1b9f48","Ocean Token","OCEAN",""
"0x7eaf17b5708893cef64b1b2ea4c94c10cfba494cfc23d66a90ae8fd471efb3d9","16293883","1672358711","2022-12-30 00:05:11","0xeb1cefa6f175b4c889582dfeea4ee155ccd5d2a5","0x5b520e99129194105c465230d3cb6c9e4b172147","125.3851747968695","$20.90","0x967da4048cd07ab37855c090aaf366e4ce1b9f48","Ocean Token","OCEAN",""
"0x8c92ca48869b1a30bad82957a46a5bb9cfeab9bb72b34193579904ffda4619af","16307968","1672528547","2022-12-31 23:15:47","0x30a20b0281df39e6337c3cbe5865e6fdcdcce3f1","0xeb1cefa6f175b4c889582dfeea4ee155ccd5d2a5","10,802","N/A","0x51fa2efd62ee56a493f24ae963eace7d0051929e","POSEIDON OCEAN","psdnOCEAN",""
"0xa748b0836ae9d18606bc94a9d0ba1a953774290a8622160a9823f3ff4ef170d6","16326780","1672755179","2023-01-03 14:12:59","0x83304d9141c01f4dc27639f0efd0ac78efc74a38","0xeb1cefa6f175b4c889582dfeea4ee155ccd5d2a5","212.623553026970790292","$34.91","0x967da4048cd07ab37855c090aaf366e4ce1b9f48","Ocean Token","OCEAN",""
"0x799653f8b6f9661e150b0084061bc67cc1af9f5c1686091c332ed687c48b46d0","16327032","1672758239","2023-01-03 15:03:59","0x83304d9141c01f4dc27639f0efd0ac78efc74a38","0xeb1cefa6f175b4c889582dfeea4ee155ccd5d2a5","538.42897594177521257","$88.40","0x967da4048cd07ab37855c090aaf366e4ce1b9f48","Ocean Token","OCEAN",""
"0x65954c9d8b5fee028df3d0241dfc61850ec0f709ecbc3c2a106eed87eb1f09c3","16329533","1672788395","2023-01-03 23:26:35","0xeb1cefa6f175b4c889582dfeea4ee155ccd5d2a5","0x8ed4877c476df391b77c1827184c072640924266","391.491937309841795","$64.28","0x967da4048cd07ab37855c090aaf366e4ce1b9f48","Ocean Token","OCEAN",""
"0xfd5284e78788e3ffe9243c8ab093f89ec2a1e8fd84158bdada2355768ff132d9","16368084","1673253335","2023-01-09 08:35:35","0xeb1cefa6f175b4c889582dfeea4ee155ccd5d2a5","0x71d5b84d22b6df54fa6cc6c325ff36c86b9f356c","69.572992668184641277","$14.24","0x967da4048cd07ab37855c090aaf366e4ce1b9f48","Ocean Token","OCEAN",""
"0x19292cc7864f3fb08631f39b55f5e5f38a179414631b9c4c21bfe8f1e275ce00","16376500","1673354831","2023-01-10 12:47:11","0xeb1cefa6f175b4c889582dfeea4ee155ccd5d2a5","0x5b520e99129194105c465230d3cb6c9e4b172147","205.5633536740289","$48.15","0x967da4048cd07ab37855c090aaf366e4ce1b9f48","Ocean Token","OCEAN",""
"0x099f12d766b0d557ea7e0aba4ddb023723298b8edb5529939d43d542fae0538a","16377239","1673363735","2023-01-10 15:15:35","0x83304d9141c01f4dc27639f0efd0ac78efc74a38","0xeb1cefa6f175b4c889582dfeea4ee155ccd5d2a5","212.362152172095919077","$49.74","0x967da4048cd07ab37855c090aaf366e4ce1b9f48","Ocean Token","OCEAN",""
"0x9a846dc27c4d8b551fa62651985b9953ac053a6dce7c2a198c6a0d039fdc24a1","16377240","1673363747","2023-01-10 15:15:47","0x83304d9141c01f4dc27639f0efd0ac78efc74a38","0xeb1cefa6f175b4c889582dfeea4ee155ccd5d2a5","1,299.877878858321422607","$304.49","0x967da4048cd07ab37855c090aaf366e4ce1b9f48","Ocean Token","OCEAN",""
"0x0484f84fdcaa74d3e74161f0c7946c2ee17f09246ebfee0b97c74c31ced6fff6","16382147","1673422955","2023-01-11 07:42:35","0x6ea2e777a43a0385243b2b715554c9f05f3e3fc1","0xeb1cefa6f175b4c889582dfeea4ee155ccd5d2a5","20,187.789395487160748858","N/A","0x51fa2efd62ee56a493f24ae963eace7d0051929e","POSEIDON OCEAN","psdnOCEAN",""
"0x49f55b11b6e28f22980c3aaa8e7c363e7518da8f71cfa5b7dd63cc8328a599b3","16389508","1673511851","2023-01-12 08:24:11","0xeb1cefa6f175b4c889582dfeea4ee155ccd5d2a5","0xf9303877f107f5cd2cb0654b6d7a6d749fa03856","182.780766754841677726","$45.33","0x967da4048cd07ab37855c090aaf366e4ce1b9f48","Ocean Token","OCEAN",""
"0x32054b05f9a9cda3c31aed7a18ec90b594fa2bf8c81c5359c060bf9e46000625","16390592","1673524931","2023-01-12 12:02:11","0x6ea2e777a43a0385243b2b715554c9f05f3e3fc1","0xeb1cefa6f175b4c889582dfeea4ee155ccd5d2a5","10","N/A","0x51fa2efd62ee56a493f24ae963eace7d0051929e","POSEIDON OCEAN","psdnOCEAN",""
"0x0259619df507b80ae0bb21f4b2b3ad53db8d9c05321c7355a93bc8553d8e2bda","16393133","1673555651","2023-01-12 20:34:11","0xeb1cefa6f175b4c889582dfeea4ee155ccd5d2a5","0x30a20b0281df39e6337c3cbe5865e6fdcdcce3f1","47,000.264907035774955232","N/A","0x51fa2efd62ee56a493f24ae963eace7d0051929e","POSEIDON OCEAN","psdnOCEAN",""
"0x0259619df507b80ae0bb21f4b2b3ad53db8d9c05321c7355a93bc8553d8e2bda","16393133","1673555651","2023-01-12 20:34:11","0xeb1cefa6f175b4c889582dfeea4ee155ccd5d2a5","0x30a20b0281df39e6337c3cbe5865e6fdcdcce3f1","223.22269002543323378","$55.36","0x967da4048cd07ab37855c090aaf366e4ce1b9f48","Ocean Token","OCEAN",""
"0x7a0ffbfaf09a4ccb04b1f025fe4b20aa396dd1e4f4249b488492f2151c8ce4b1","16432554","1674031223","2023-01-18 08:40:23","0x83304d9141c01f4dc27639f0efd0ac78efc74a38","0xeb1cefa6f175b4c889582dfeea4ee155ccd5d2a5","1,880.069896137789502862","$515.32","0x967da4048cd07ab37855c090aaf366e4ce1b9f48","Ocean Token","OCEAN",""
"0xbca4a27a57035d5fa5783a85441b0eef44b7d05bb9c82d8e6ae465ecca4265fb","16432555","1674031235","2023-01-18 08:40:35","0x83304d9141c01f4dc27639f0efd0ac78efc74a38","0xeb1cefa6f175b4c889582dfeea4ee155ccd5d2a5","317.222146193052227341","$86.95","0x967da4048cd07ab37855c090aaf366e4ce1b9f48","Ocean Token","OCEAN",""
"0x1a3b7500f8bee39c5dcf83b594d50939621b7dba8c6b1a55d1a1ab9bebbea6bf","16447395","1674210215","2023-01-20 10:23:35","0xeb1cefa6f175b4c889582dfeea4ee155ccd5d2a5","0xec39be1abce3f9af3a6a5a738bcdf915e07fb4fe","127.337199391348707856","$36.20","0x967da4048cd07ab37855c090aaf366e4ce1b9f48","Ocean Token","OCEAN",""
"0x90391687357f3eba9ccd8cf3f2c33f20facc1c6915554c259ed518af3b82da73","16447415","1674210455","2023-01-20 10:27:35","0xeb1cefa6f175b4c889582dfeea4ee155ccd5d2a5","0x5b520e99129194105c465230d3cb6c9e4b172147","430.6620893114984","$122.43","0x967da4048cd07ab37855c090aaf366e4ce1b9f48","Ocean Token","OCEAN",""
"0x3827668ed332b64b11b54ea0cc6cd98252e780f182be2f8fdd6adc406c8bba12","16454351","1674294167","2023-01-21 09:42:47","0xeb1cefa6f175b4c889582dfeea4ee155ccd5d2a5","0x6d4983491593010e44f260e67f06969066701e50","119.7776271710565072","$39.35","0x967da4048cd07ab37855c090aaf366e4ce1b9f48","Ocean Token","OCEAN",""
"0xf38091e69b3791179b6e7059eee505284be3e8f84c75c4dacbd8727fd655d31b","16454415","1674294935","2023-01-21 09:55:35","0xeb1cefa6f175b4c889582dfeea4ee155ccd5d2a5","0x6d4983491593010e44f260e67f06969066701e50","6,273.424776385336147416","N/A","0x51fa2efd62ee56a493f24ae963eace7d0051929e","POSEIDON OCEAN","psdnOCEAN",""
"0xf38091e69b3791179b6e7059eee505284be3e8f84c75c4dacbd8727fd655d31b","16454415","1674294935","2023-01-21 09:55:35","0xeb1cefa6f175b4c889582dfeea4ee155ccd5d2a5","0x6d4983491593010e44f260e67f06969066701e50","0.035279080396719906","$0.01","0x967da4048cd07ab37855c090aaf366e4ce1b9f48","Ocean Token","OCEAN",""
"0xcd67a9d75b592c195401ce2eb00fb192f1bdf463aff27504da6fab6089b7a797","16455779","1674311363","2023-01-21 14:29:23","0xeb1cefa6f175b4c889582dfeea4ee155ccd5d2a5","0x71d5b84d22b6df54fa6cc6c325ff36c86b9f356c","79.913202540645942043","$26.26","0x967da4048cd07ab37855c090aaf366e4ce1b9f48","Ocean Token","OCEAN",""
"0x1015cf0b59ea31ff9f172aa098e6601ae1ae19379c9cbc5c94938cd6d6c5cb9d","16456274","1674317315","2023-01-21 16:08:35","0xeb1cefa6f175b4c889582dfeea4ee155ccd5d2a5","0x70a4cd2a88c7fc283f944ebd5ec4b37185288bc8","159.48756189834096638","$52.40","0x967da4048cd07ab37855c090aaf366e4ce1b9f48","Ocean Token","OCEAN",""
"0x3947e3d929f2664708782b3256803c66862b403a009d5a25596a10469e7ab262","16477741","1674576239","2023-01-24 16:03:59","0x6ea2e777a43a0385243b2b715554c9f05f3e3fc1","0xeb1cefa6f175b4c889582dfeea4ee155ccd5d2a5","10,000","N/A","0x51fa2efd62ee56a493f24ae963eace7d0051929e","POSEIDON OCEAN","psdnOCEAN",""
"0x8c869fb7f7355b7b0897b8e41d655580ce0094b75ebf1f2890d94f3a90a5374a","16477855","1674577607","2023-01-24 16:26:47","0x6ea2e777a43a0385243b2b715554c9f05f3e3fc1","0xeb1cefa6f175b4c889582dfeea4ee155ccd5d2a5","40,000","N/A","0x51fa2efd62ee56a493f24ae963eace7d0051929e","POSEIDON OCEAN","psdnOCEAN",""
"0x9e7009a084e276608caddb5d883203647f950aca23dbcff7420052ba4a9552ba","16478391","1674584063","2023-01-24 18:14:23","0xeb1cefa6f175b4c889582dfeea4ee155ccd5d2a5","0x5345ff51850ca1c4fbb499599624b6e6096fb92f","357.488431311917231302","$130.56","0x967da4048cd07ab37855c090aaf366e4ce1b9f48","Ocean Token","OCEAN",""
"0x9fbc57eddfe19936127acada6facd35cba19351b463152317c58e22babc521cb","16479366","1674595835","2023-01-24 21:30:35","0x6ea2e777a43a0385243b2b715554c9f05f3e3fc1","0xeb1cefa6f175b4c889582dfeea4ee155ccd5d2a5","100,000","N/A","0x51fa2efd62ee56a493f24ae963eace7d0051929e","POSEIDON OCEAN","psdnOCEAN",""
"0x62b04a6453b2d25262aa7176f9bcbb7f1a264af4e8f9413209f9269e43f199f2","16483430","1674644807","2023-01-25 11:06:47","0x83304d9141c01f4dc27639f0efd0ac78efc74a38","0xeb1cefa6f175b4c889582dfeea4ee155ccd5d2a5","335.886721625221819928","$119.68","0x967da4048cd07ab37855c090aaf366e4ce1b9f48","Ocean Token","OCEAN",""
"0xb3dbeb46632f30e9653312f6f2b98d68333ff2c2783028fc4456ebf843c4e723","16483432","1674644831","2023-01-25 11:07:11","0x83304d9141c01f4dc27639f0efd0ac78efc74a38","0xeb1cefa6f175b4c889582dfeea4ee155ccd5d2a5","1,262.256407715114705433","$449.77","0x967da4048cd07ab37855c090aaf366e4ce1b9f48","Ocean Token","OCEAN",""
"0xc22fcf3043745eb5d11db04d8283ba56903abf05786a60bbf7578560267090fc","16492368","1674752711","2023-01-26 17:05:11","0xeb1cefa6f175b4c889582dfeea4ee155ccd5d2a5","0xd79b7570e9a612c2bbfa969ddd53610dbbe30bcd","10,000","N/A","0x51fa2efd62ee56a493f24ae963eace7d0051929e","POSEIDON OCEAN","psdnOCEAN",""
"0xc22fcf3043745eb5d11db04d8283ba56903abf05786a60bbf7578560267090fc","16492368","1674752711","2023-01-26 17:05:11","0xeb1cefa6f175b4c889582dfeea4ee155ccd5d2a5","0xd79b7570e9a612c2bbfa969ddd53610dbbe30bcd","107.29597320573957","$40.21","0x967da4048cd07ab37855c090aaf366e4ce1b9f48","Ocean Token","OCEAN",""
"0xec2b25d3d93530d2fe5c2ddc59994e87e41202321d3ec1a03e328acc0c2d6939","16492954","1674759767","2023-01-26 19:02:47","0xeb1cefa6f175b4c889582dfeea4ee155ccd5d2a5","0xd79b7570e9a612c2bbfa969ddd53610dbbe30bcd","20,000","N/A","0x51fa2efd62ee56a493f24ae963eace7d0051929e","POSEIDON OCEAN","psdnOCEAN",""
"0xec2b25d3d93530d2fe5c2ddc59994e87e41202321d3ec1a03e328acc0c2d6939","16492954","1674759767","2023-01-26 19:02:47","0xeb1cefa6f175b4c889582dfeea4ee155ccd5d2a5","0xd79b7570e9a612c2bbfa969ddd53610dbbe30bcd","4.14407911678936","$1.55","0x967da4048cd07ab37855c090aaf366e4ce1b9f48","Ocean Token","OCEAN",""
"0x09c93cc9721f78ba6d09c0525ad2f3f03549b71450f5c806592e66d5667ea7de","16492988","1674760175","2023-01-26 19:09:35","0xeb1cefa6f175b4c889582dfeea4ee155ccd5d2a5","0xd79b7570e9a612c2bbfa969ddd53610dbbe30bcd","20,000","N/A","0x51fa2efd62ee56a493f24ae963eace7d0051929e","POSEIDON OCEAN","psdnOCEAN",""
"0x09c93cc9721f78ba6d09c0525ad2f3f03549b71450f5c806592e66d5667ea7de","16492988","1674760175","2023-01-26 19:09:35","0xeb1cefa6f175b4c889582dfeea4ee155ccd5d2a5","0xd79b7570e9a612c2bbfa969ddd53610dbbe30bcd","0.2121271383672","$0.08","0x967da4048cd07ab37855c090aaf366e4ce1b9f48","Ocean Token","OCEAN",""
"0x3ceb54fef8714d13c9a16926857088a69089f90e5174d7ad72be2a21fc4bbcfe","16493157","1674762203","2023-01-26 19:43:23","0xeb1cefa6f175b4c889582dfeea4ee155ccd5d2a5","0xd79b7570e9a612c2bbfa969ddd53610dbbe30bcd","50,000","N/A","0x51fa2efd62ee56a493f24ae963eace7d0051929e","POSEIDON OCEAN","psdnOCEAN",""
"0x3ceb54fef8714d13c9a16926857088a69089f90e5174d7ad72be2a21fc4bbcfe","16493157","1674762203","2023-01-26 19:43:23","0xeb1cefa6f175b4c889582dfeea4ee155ccd5d2a5","0xd79b7570e9a612c2bbfa969ddd53610dbbe30bcd","0.9084550829574","$0.34","0x967da4048cd07ab37855c090aaf366e4ce1b9f48","Ocean Token","OCEAN",""
"0x5fdb28f3712f34d5d5a5479f223846ed2dc7bc86ba88441f6ee2a52982e5fdbd","16512448","1674994955","2023-01-29 12:22:35","0xeb1cefa6f175b4c889582dfeea4ee155ccd5d2a5","0xd79b7570e9a612c2bbfa969ddd53610dbbe30bcd","50,000","N/A","0x51fa2efd62ee56a493f24ae963eace7d0051929e","POSEIDON OCEAN","psdnOCEAN",""
"0x5fdb28f3712f34d5d5a5479f223846ed2dc7bc86ba88441f6ee2a52982e5fdbd","16512448","1674994955","2023-01-29 12:22:35","0xeb1cefa6f175b4c889582dfeea4ee155ccd5d2a5","0xd79b7570e9a612c2bbfa969ddd53610dbbe30bcd","56.95938166057615","$21.29","0x967da4048cd07ab37855c090aaf366e4ce1b9f48","Ocean Token","OCEAN",""
"0x810047de0cafece843416785b2d8c6e8c6b3f81afdd4358b8273611e20d00741","16518773","1675071239","2023-01-30 09:33:59","0xeb1cefa6f175b4c889582dfeea4ee155ccd5d2a5","0xf9303877f107f5cd2cb0654b6d7a6d749fa03856","634.074842486839208551","$218.91","0x967da4048cd07ab37855c090aaf366e4ce1b9f48","Ocean Token","OCEAN",""
"0x4e73df9ea5f66afd78748251d3b68adf8e8a47e6b45b762ea8a651580570e4b6","16534858","1675265291","2023-02-01 15:28:11","0xeb1cefa6f175b4c889582dfeea4ee155ccd5d2a5","0x87fc1313880d579039ac48db8b25428ed5f33c4a","3,000","N/A","0x51fa2efd62ee56a493f24ae963eace7d0051929e","POSEIDON OCEAN","psdnOCEAN",""
"0x4e73df9ea5f66afd78748251d3b68adf8e8a47e6b45b762ea8a651580570e4b6","16534858","1675265291","2023-02-01 15:28:11","0xeb1cefa6f175b4c889582dfeea4ee155ccd5d2a5","0x87fc1313880d579039ac48db8b25428ed5f33c4a","271.955923134542830992","$102.57","0x967da4048cd07ab37855c090aaf366e4ce1b9f48","Ocean Token","OCEAN",""
"0x243047db64862c141677b80e0758dbd3af7875fc1bda088db47322360bf665fb","16537256","1675294187","2023-02-01 23:29:47","0x83304d9141c01f4dc27639f0efd0ac78efc74a38","0xeb1cefa6f175b4c889582dfeea4ee155ccd5d2a5","333.744291333852863872","$125.88","0x967da4048cd07ab37855c090aaf366e4ce1b9f48","Ocean Token","OCEAN",""
"0x17641149623e89b4de8a251155763559bfd4c01ff241bccc65045316f799bb59","16539877","1675325891","2023-02-02 08:18:11","0x75f2bbf3a10b67134a780fb7d6da5808265111f7","0xeb1cefa6f175b4c889582dfeea4ee155ccd5d2a5","33,465.668434664779119132","N/A","0x51fa2efd62ee56a493f24ae963eace7d0051929e","POSEIDON OCEAN","psdnOCEAN",""
"0x9a11a381be33a05d10437fef795eb4fdbd1169bb7ec27e757f0a28687b880da9","16539925","1675326491","2023-02-02 08:28:11","0xeb1cefa6f175b4c889582dfeea4ee155ccd5d2a5","0x75f2bbf3a10b67134a780fb7d6da5808265111f7","33,465.668434664779119132","N/A","0x51fa2efd62ee56a493f24ae963eace7d0051929e","POSEIDON OCEAN","psdnOCEAN",""
"0x9a11a381be33a05d10437fef795eb4fdbd1169bb7ec27e757f0a28687b880da9","16539925","1675326491","2023-02-02 08:28:11","0xeb1cefa6f175b4c889582dfeea4ee155ccd5d2a5","0x75f2bbf3a10b67134a780fb7d6da5808265111f7","0.021294117267042124","$0.01","0x967da4048cd07ab37855c090aaf366e4ce1b9f48","Ocean Token","OCEAN",""
"0xe36a0018882243bc3424e84b01a582d0faf28d86a96b084c5aeb32b636777409","16541249","1675342511","2023-02-02 12:55:11","0x83304d9141c01f4dc27639f0efd0ac78efc74a38","0xeb1cefa6f175b4c889582dfeea4ee155ccd5d2a5","2,947.914224935132207356","$1,071.28","0x967da4048cd07ab37855c090aaf366e4ce1b9f48","Ocean Token","OCEAN",""
"0x08725469dd851e3846881e90330e0dcfadc05794a09dfd22bf781868fb838881","16554520","1675502831","2023-02-04 09:27:11","0xeb1cefa6f175b4c889582dfeea4ee155ccd5d2a5","0xec39be1abce3f9af3a6a5a738bcdf915e07fb4fe","10,084.525761310335533734","N/A","0x51fa2efd62ee56a493f24ae963eace7d0051929e","POSEIDON OCEAN","psdnOCEAN",""
"0x08725469dd851e3846881e90330e0dcfadc05794a09dfd22bf781868fb838881","16554520","1675502831","2023-02-04 09:27:11","0xeb1cefa6f175b4c889582dfeea4ee155ccd5d2a5","0xec39be1abce3f9af3a6a5a738bcdf915e07fb4fe","79.59859224119442191","$32.33","0x967da4048cd07ab37855c090aaf366e4ce1b9f48","Ocean Token","OCEAN",""
"0x6ca8d21df53fe909ea041e717854985121a5f74a1b63ee7003c5413b55675084","16559350","1675561127","2023-02-05 01:38:47","0x6ea2e777a43a0385243b2b715554c9f05f3e3fc1","0xeb1cefa6f175b4c889582dfeea4ee155ccd5d2a5","4,010.985","N/A","0x51fa2efd62ee56a493f24ae963eace7d0051929e","POSEIDON OCEAN","psdnOCEAN",""
"0xa0cdbc29400d925f1f634d9fbb857c712fb485efa2776f1c1d1033f1d6a54ccb","16566747","1675650347","2023-02-06 02:25:47","0xeb1cefa6f175b4c889582dfeea4ee155ccd5d2a5","0x3b7b41f27b89f07269a0599f15fba723f21f2442","775.7699263859893079","$349.42","0x967da4048cd07ab37855c090aaf366e4ce1b9f48","Ocean Token","OCEAN",""
"0xf4bbb054db7b2d09c6cbbb2ac0bf7a6de2f74baf0ed8a01b787be85dcbc0d6c4","16566770","1675650623","2023-02-06 02:30:23","0x3b7b41f27b89f07269a0599f15fba723f21f2442","0xeb1cefa6f175b4c889582dfeea4ee155ccd5d2a5","1,481.524058776443381704","N/A","0x51fa2efd62ee56a493f24ae963eace7d0051929e","POSEIDON OCEAN","psdnOCEAN",""
"0xc5f8caaf9c2397481a5580a0f56eb5d57586fda58cd2346b09cac5ab2bebaf3d","16575429","1675755083","2023-02-07 07:31:23","0x6ea2e777a43a0385243b2b715554c9f05f3e3fc1","0xeb1cefa6f175b4c889582dfeea4ee155ccd5d2a5","120.420730493009447518","N/A","0x51fa2efd62ee56a493f24ae963eace7d0051929e","POSEIDON OCEAN","psdnOCEAN",""
"0xa77acfa689343734b344e38092e5f30974ddd242b8dd2de3de73269c0be2d6b3","16576179","1675764143","2023-02-07 10:02:23","0xeb1cefa6f175b4c889582dfeea4ee155ccd5d2a5","0xb1b1dba36512c4943f2d517d2edc256875404c5d","2,176.669842720124714678","$1,130.47","0x967da4048cd07ab37855c090aaf366e4ce1b9f48","Ocean Token","OCEAN",""
"0x71ee0554c581924607e6cb96b081c9ad64c11bfbdf933d56621a2ba1819ffc1a","16576283","1675765415","2023-02-07 10:23:35","0x6ea2e777a43a0385243b2b715554c9f05f3e3fc1","0xeb1cefa6f175b4c889582dfeea4ee155ccd5d2a5","1,498.5","N/A","0x51fa2efd62ee56a493f24ae963eace7d0051929e","POSEIDON OCEAN","psdnOCEAN",""
"0x8ffa01720f06ef2de16abea0ba1245b7d81dc48303f2610b6af06b3f18809503","16576323","1675765895","2023-02-07 10:31:35","0xeb1cefa6f175b4c889582dfeea4ee155ccd5d2a5","0xdee4e935d47ca5e97025e92b96e74cc348553f99","544.02774676088596","$282.54","0x967da4048cd07ab37855c090aaf366e4ce1b9f48","Ocean Token","OCEAN",""
"0x2d72106145afb6d19edb8985e0a788f8e20bc38f0026c5b15e9507854c8ef7d2","16577015","1675774247","2023-02-07 12:50:47","0x6ea2e777a43a0385243b2b715554c9f05f3e3fc1","0xeb1cefa6f175b4c889582dfeea4ee155ccd5d2a5","999","N/A","0x51fa2efd62ee56a493f24ae963eace7d0051929e","POSEIDON OCEAN","psdnOCEAN",""
"0x5c6d67298cbf1b7a2f8df0a038ebeb84aa839386271a7bb5f6c41170f985306b","16577056","1675774775","2023-02-07 12:59:35","0x6ea2e777a43a0385243b2b715554c9f05f3e3fc1","0xeb1cefa6f175b4c889582dfeea4ee155ccd5d2a5","5,108.038848","N/A","0x51fa2efd62ee56a493f24ae963eace7d0051929e","POSEIDON OCEAN","psdnOCEAN",""
"0x83712bbdb1fb5a115342da68777ba8bc735875c4814a0bfc43aae951c3aede7d","16582509","1675840559","2023-02-08 07:15:59","0xeb1cefa6f175b4c889582dfeea4ee155ccd5d2a5","0xb1b1dba36512c4943f2d517d2edc256875404c5d","20,000","N/A","0x51fa2efd62ee56a493f24ae963eace7d0051929e","POSEIDON OCEAN","psdnOCEAN",""
"0x83712bbdb1fb5a115342da68777ba8bc735875c4814a0bfc43aae951c3aede7d","16582509","1675840559","2023-02-08 07:15:59","0xeb1cefa6f175b4c889582dfeea4ee155ccd5d2a5","0xb1b1dba36512c4943f2d517d2edc256875404c5d","101.829349000518767241","$49.13","0x967da4048cd07ab37855c090aaf366e4ce1b9f48","Ocean Token","OCEAN",""
"0x7ef41bc65e2b6647f4c4ffc55efce23619983a992da810c41264f2b8982e3f23","16583472","1675852187","2023-02-08 10:29:47","0xeb1cefa6f175b4c889582dfeea4ee155ccd5d2a5","0xb1b1dba36512c4943f2d517d2edc256875404c5d","45,000","N/A","0x51fa2efd62ee56a493f24ae963eace7d0051929e","POSEIDON OCEAN","psdnOCEAN",""
"0x7ef41bc65e2b6647f4c4ffc55efce23619983a992da810c41264f2b8982e3f23","16583472","1675852187","2023-02-08 10:29:47","0xeb1cefa6f175b4c889582dfeea4ee155ccd5d2a5","0xb1b1dba36512c4943f2d517d2edc256875404c5d","13.462553930763712021","$6.50","0x967da4048cd07ab37855c090aaf366e4ce1b9f48","Ocean Token","OCEAN",""
"0x3f2309bcb62120571498bae7b89467e62b369b3e0d098646bdd92acfb1b9c161","16591508","1675949471","2023-02-09 13:31:11","0xeb1cefa6f175b4c889582dfeea4ee155ccd5d2a5","0x8ed4877c476df391b77c1827184c072640924266","652.616798541284675","$280.13","0x967da4048cd07ab37855c090aaf366e4ce1b9f48","Ocean Token","OCEAN",""
"0x85aeff1489f54a249534755732d3c7d2f78328a2263d300cdacd4f99a07f7bb2","16591516","1675949567","2023-02-09 13:32:47","0xeb1cefa6f175b4c889582dfeea4ee155ccd5d2a5","0x71d5b84d22b6df54fa6cc6c325ff36c86b9f356c","185.225010224055022578","$79.51","0x967da4048cd07ab37855c090aaf366e4ce1b9f48","Ocean Token","OCEAN",""
"0xcb4c1df362201c0082538ef4bab915fc97d936b34ce268eb1f1c44b5b1c603b5","16591531","1675949747","2023-02-09 13:35:47","0x8ed4877c476df391b77c1827184c072640924266","0xeb1cefa6f175b4c889582dfeea4ee155ccd5d2a5","4,167.470111461372844475","N/A","0x51fa2efd62ee56a493f24ae963eace7d0051929e","POSEIDON OCEAN","psdnOCEAN",""
"0x811fdf7fdc9a16388acc107e576f95c7c955131d1eb355df602de6fb36c151d7","16596623","1676011199","2023-02-10 06:39:59","0x83304d9141c01f4dc27639f0efd0ac78efc74a38","0xeb1cefa6f175b4c889582dfeea4ee155ccd5d2a5","369.78634165369645859","$165.01","0x967da4048cd07ab37855c090aaf366e4ce1b9f48","Ocean Token","OCEAN",""
"0xf270136a6d0d910ae314119187c2bacdc74022a4f96008faecc294be3e17b8f7","16596682","1676011907","2023-02-10 06:51:47","0x83304d9141c01f4dc27639f0efd0ac78efc74a38","0xeb1cefa6f175b4c889582dfeea4ee155ccd5d2a5","1,163.345696137649265836","$519.12","0x967da4048cd07ab37855c090aaf366e4ce1b9f48","Ocean Token","OCEAN",""
"0xc09b774450776045a8a02e9fe415cae1f07978e34539317ea4981c908b32f31b","16638910","1676521727","2023-02-16 04:28:47","0x6ea2e777a43a0385243b2b715554c9f05f3e3fc1","0xeb1cefa6f175b4c889582dfeea4ee155ccd5d2a5","142.653998900465393376","N/A","0x51fa2efd62ee56a493f24ae963eace7d0051929e","POSEIDON OCEAN","psdnOCEAN",""
"0xf596250b1d6965ebae08890bcb934f4f6d091e112d422561e7ce7ab76c81bb62","16640084","1676535923","2023-02-16 08:25:23","0xeb1cefa6f175b4c889582dfeea4ee155ccd5d2a5","0x71d5b84d22b6df54fa6cc6c325ff36c86b9f356c","15,112.994459532764238335","N/A","0x51fa2efd62ee56a493f24ae963eace7d0051929e","POSEIDON OCEAN","psdnOCEAN",""
"0xf596250b1d6965ebae08890bcb934f4f6d091e112d422561e7ce7ab76c81bb62","16640084","1676535923","2023-02-16 08:25:23","0xeb1cefa6f175b4c889582dfeea4ee155ccd5d2a5","0x71d5b84d22b6df54fa6cc6c325ff36c86b9f356c","46.777331551276211342","$21.12","0x967da4048cd07ab37855c090aaf366e4ce1b9f48","Ocean Token","OCEAN",""
"0xbcb17dde9fba13828a5177bc294263b42fd60acc95c51f8c5c424c40209602f0","16647050","1676620055","2023-02-17 07:47:35","0xeb1cefa6f175b4c889582dfeea4ee155ccd5d2a5","0xf9303877f107f5cd2cb0654b6d7a6d749fa03856","837.230558572981483228","$412.50","0x967da4048cd07ab37855c090aaf366e4ce1b9f48","Ocean Token","OCEAN",""
"0x1b1e6744a805ca5476d396e3a3c2be107d276dc78de3f55e9b5f1a00963fc3d4","16654381","1676709479","2023-02-18 08:37:59","0x83304d9141c01f4dc27639f0efd0ac78efc74a38","0xeb1cefa6f175b4c889582dfeea4ee155ccd5d2a5","1,076.77038078872572018","$517.67","0x967da4048cd07ab37855c090aaf366e4ce1b9f48","Ocean Token","OCEAN",""
"0x6a17506420b2207b79a94111248a82439991a5c571de1a467a5511a75c998fd3","16654382","1676709491","2023-02-18 08:38:11","0x83304d9141c01f4dc27639f0efd0ac78efc74a38","0xeb1cefa6f175b4c889582dfeea4ee155ccd5d2a5","728.783804748054911504","$350.37","0x967da4048cd07ab37855c090aaf366e4ce1b9f48","Ocean Token","OCEAN",""
"0x13a3c5119399b0e4033549803b51bbadc5e370e2bfb3a5fcec8fd7409c73027e","16657703","1676749871","2023-02-18 19:51:11","0xeb1cefa6f175b4c889582dfeea4ee155ccd5d2a5","0xb1b1dba36512c4943f2d517d2edc256875404c5d","10,000","N/A","0x51fa2efd62ee56a493f24ae963eace7d0051929e","POSEIDON OCEAN","psdnOCEAN",""
"0x13a3c5119399b0e4033549803b51bbadc5e370e2bfb3a5fcec8fd7409c73027e","16657703","1676749871","2023-02-18 19:51:11","0xeb1cefa6f175b4c889582dfeea4ee155ccd5d2a5","0xb1b1dba36512c4943f2d517d2edc256875404c5d","285.3249004356133953","$137.17","0x967da4048cd07ab37855c090aaf366e4ce1b9f48","Ocean Token","OCEAN",""
"0x8fd88d56924232fc9015fb0d4bcf40ef7679a54c4632b76afdf67b28ee396f24","16661363","1676794235","2023-02-19 08:10:35","0xeb1cefa6f175b4c889582dfeea4ee155ccd5d2a5","0xb1b1dba36512c4943f2d517d2edc256875404c5d","20,000","N/A","0x51fa2efd62ee56a493f24ae963eace7d0051929e","POSEIDON OCEAN","psdnOCEAN",""
"0x8fd88d56924232fc9015fb0d4bcf40ef7679a54c4632b76afdf67b28ee396f24","16661363","1676794235","2023-02-19 08:10:35","0xeb1cefa6f175b4c889582dfeea4ee155ccd5d2a5","0xb1b1dba36512c4943f2d517d2edc256875404c5d","15.108265868532776269","$7.02","0x967da4048cd07ab37855c090aaf366e4ce1b9f48","Ocean Token","OCEAN",""
"0xcf83ec49e55c1e852a2f69cb3a2c01e36d6fd727f1f397f8f62ce2aa84ac67af","16707351","1677353111","2023-02-25 19:25:11","0x83304d9141c01f4dc27639f0efd0ac78efc74a38","0xeb1cefa6f175b4c889582dfeea4ee155ccd5d2a5","363.925840770135695992","$141.86","0x967da4048cd07ab37855c090aaf366e4ce1b9f48","Ocean Token","OCEAN",""
"0x1851d702e9db28ddc94de3a1ba87a77d719af7a1727f32f31d14b11efcaf27db","16707352","1677353123","2023-02-25 19:25:23","0x83304d9141c01f4dc27639f0efd0ac78efc74a38","0xeb1cefa6f175b4c889582dfeea4ee155ccd5d2a5","1,012.127510474253771315","$394.52","0x967da4048cd07ab37855c090aaf366e4ce1b9f48","Ocean Token","OCEAN",""
"0x1b312cada1f091447c4ba78f4ad236652351a058d3710eff86a2005a8d1c551d","16768010","1678089875","2023-03-06 08:04:35","0x83304d9141c01f4dc27639f0efd0ac78efc74a38","0xeb1cefa6f175b4c889582dfeea4ee155ccd5d2a5","360.556506641042832444","$143.27","0x967da4048cd07ab37855c090aaf366e4ce1b9f48","Ocean Token","OCEAN",""
"0x18640f7c1de6ec73f88aaedce15374ef86b7799f9b135ef9251a6aaacfafc927","16768071","1678090607","2023-03-06 08:16:47","0x83304d9141c01f4dc27639f0efd0ac78efc74a38","0xeb1cefa6f175b4c889582dfeea4ee155ccd5d2a5","1,465.459807241943122549","$582.32","0x967da4048cd07ab37855c090aaf366e4ce1b9f48","Ocean Token","OCEAN",""
"0xa1d7f7763ce29b410248fe827645712a8036d46909e4bf38fecead66c29eeadf","16771522","1678132559","2023-03-06 19:55:59","0xeb1cefa6f175b4c889582dfeea4ee155ccd5d2a5","0x3b7b41f27b89f07269a0599f15fba723f21f2442","29,095.198227209224507516","N/A","0x51fa2efd62ee56a493f24ae963eace7d0051929e","POSEIDON OCEAN","psdnOCEAN",""
"0xa1d7f7763ce29b410248fe827645712a8036d46909e4bf38fecead66c29eeadf","16771522","1678132559","2023-03-06 19:55:59","0xeb1cefa6f175b4c889582dfeea4ee155ccd5d2a5","0x3b7b41f27b89f07269a0599f15fba723f21f2442","454.158497502061365455","$180.47","0x967da4048cd07ab37855c090aaf366e4ce1b9f48","Ocean Token","OCEAN",""
"0xd84d818448116a7836d5a0b6ccf697275b859fb5cc84b80ada051f2b8e559720","16771785","1678135787","2023-03-06 20:49:47","0x2bfaf7aa04e8370b9c20c67ec1973dacf86e5784","0xeb1cefa6f175b4c889582dfeea4ee155ccd5d2a5","75,770.641060412646709738","N/A","0x51fa2efd62ee56a493f24ae963eace7d0051929e","POSEIDON OCEAN","psdnOCEAN",""
"0x62387896b4883eaf3130e287752fe3281855172a01bfa3eb83423c1b354d2939","16818548","1678704167","2023-03-13 10:42:47","0xeb1cefa6f175b4c889582dfeea4ee155ccd5d2a5","0xf9303877f107f5cd2cb0654b6d7a6d749fa03856","912.755598963034378944","$355.82","0x967da4048cd07ab37855c090aaf366e4ce1b9f48","Ocean Token","OCEAN",""
"0x5790e5aad5cf7a773fec1db719ba8dd3058f0e94c041a47891abad7e38231bb5","16831211","1678857887","2023-03-15 05:24:47","0x83304d9141c01f4dc27639f0efd0ac78efc74a38","0xeb1cefa6f175b4c889582dfeea4ee155ccd5d2a5","360.168656708091130251","$140.30","0x967da4048cd07ab37855c090aaf366e4ce1b9f48","Ocean Token","OCEAN",""
"0x2e2ff66c93a405b36e4a106f2e905043f674b9fad1572b977a979c6adf42b22a","16831216","1678857947","2023-03-15 05:25:47","0x83304d9141c01f4dc27639f0efd0ac78efc74a38","0xeb1cefa6f175b4c889582dfeea4ee155ccd5d2a5","924.338487438434155626","$360.07","0x967da4048cd07ab37855c090aaf366e4ce1b9f48","Ocean Token","OCEAN",""
"0x4d492558522e493a88fcd643522c9d72d5ef34cfb04df8a60ca6d6b6df875cb0","16835968","1678915763","2023-03-15 21:29:23","0xeb1cefa6f175b4c889582dfeea4ee155ccd5d2a5","0x8ed4877c476df391b77c1827184c072640924266","642.111175497260762823","$250.13","0x967da4048cd07ab37855c090aaf366e4ce1b9f48","Ocean Token","OCEAN",""
"0xe3d4c22830a4f0894dbfaec2d1d55114df8450af62aa5f644e82dbbc038a735f","16835978","1678915883","2023-03-15 21:31:23","0x8ed4877c476df391b77c1827184c072640924266","0xeb1cefa6f175b4c889582dfeea4ee155ccd5d2a5","4,083.641249460257297336","N/A","0x51fa2efd62ee56a493f24ae963eace7d0051929e","POSEIDON OCEAN","psdnOCEAN",""
"0xa359adc3acc313c4d6e953aff78328539204aa8af52a1be4e5018fcc0d3c623b","16837055","1678928975","2023-03-16 01:09:35","0x83304d9141c01f4dc27639f0efd0ac78efc74a38","0xeb1cefa6f175b4c889582dfeea4ee155ccd5d2a5","344.231413237945433046","$135.47","0x967da4048cd07ab37855c090aaf366e4ce1b9f48","Ocean Token","OCEAN",""
"0xa359adc3acc313c4d6e953aff78328539204aa8af52a1be4e5018fcc0d3c623b","16837055","1678928975","2023-03-16 01:09:35","0x83304d9141c01f4dc27639f0efd0ac78efc74a38","0xeb1cefa6f175b4c889582dfeea4ee155ccd5d2a5","1,499.12686538289945363","$589.98","0x967da4048cd07ab37855c090aaf366e4ce1b9f48","Ocean Token","OCEAN",""
"0x636b27c89da20fbb758e56e013d04ae615f205b9aa3ae607ac67d8910fa64e37","16842431","1678994267","2023-03-16 19:17:47","0xeb1cefa6f175b4c889582dfeea4ee155ccd5d2a5","0xfe202706e36f31afbaf4b4543c2a8bba4ddb2dee","4.369115104377099284","$1.72","0x967da4048cd07ab37855c090aaf366e4ce1b9f48","Ocean Token","OCEAN",""
"0x3cae130700462242caa673f25ff6289f63ac3fa839f3588b364924802fe2c81a","16842436","1678994327","2023-03-16 19:18:47","0x6ea2e777a43a0385243b2b715554c9f05f3e3fc1","0xeb1cefa6f175b4c889582dfeea4ee155ccd5d2a5","320.538375759644020605","N/A","0x51fa2efd62ee56a493f24ae963eace7d0051929e","POSEIDON OCEAN","psdnOCEAN",""
"0xde24a9b271d678f016a3ee71cb1986a0504641c0c08e593609b80f81136787e7","16848599","1679069111","2023-03-17 16:05:11","0xeb1cefa6f175b4c889582dfeea4ee155ccd5d2a5","0x5345ff51850ca1c4fbb499599624b6e6096fb92f","1,087.653999059828839404","$451.97","0x967da4048cd07ab37855c090aaf366e4ce1b9f48","Ocean Token","OCEAN",""
"0x1ea7de65751bf4a2837ad02215404926fe4868652e12cf7b4ebe5e1c4995c00f","16857511","1679177255","2023-03-18 22:07:35","0xeb1cefa6f175b4c889582dfeea4ee155ccd5d2a5","0x5b520e99129194105c465230d3cb6c9e4b172147","3,226.3020908864906","$1,288.61","0x967da4048cd07ab37855c090aaf366e4ce1b9f48","Ocean Token","OCEAN",""
"0xd42c2de52fa04025dcdab9f6a425c6fa991ee13dbec7eb1d041b2050e315767a","16886801","1679532647","2023-03-23 00:50:47","0x83304d9141c01f4dc27639f0efd0ac78efc74a38","0xeb1cefa6f175b4c889582dfeea4ee155ccd5d2a5","936.400534322452630478","$350.65","0x967da4048cd07ab37855c090aaf366e4ce1b9f48","Ocean Token","OCEAN",""
"0x2024ed073351d1b799d31aba6fd2574ca9dbf45b0c263d609c11c771967c5f73","16888466","1679552903","2023-03-23 06:28:23","0xeb1cefa6f175b4c889582dfeea4ee155ccd5d2a5","0xf9303877f107f5cd2cb0654b6d7a6d749fa03856","524.136634518207067415","$196.27","0x967da4048cd07ab37855c090aaf366e4ce1b9f48","Ocean Token","OCEAN",""
"0xb4211dfe98ba87b1e8737375a09f43f8f821e7c12af17dd6d37d4305971eec54","16896185","1679646659","2023-03-24 08:30:59","0xb1b1dba36512c4943f2d517d2edc256875404c5d","0xeb1cefa6f175b4c889582dfeea4ee155ccd5d2a5","15,000","N/A","0x51fa2efd62ee56a493f24ae963eace7d0051929e","POSEIDON OCEAN","psdnOCEAN",""
"0xc8a2b871a3c2b3d9df236f6cff9e6464e1485a59a4f57d39c1dbfd72053adda6","16937861","1680152627","2023-03-30 05:03:47","0x83304d9141c01f4dc27639f0efd0ac78efc74a38","0xeb1cefa6f175b4c889582dfeea4ee155ccd5d2a5","934.747327252681596759","$320.72","0x967da4048cd07ab37855c090aaf366e4ce1b9f48","Ocean Token","OCEAN",""
