"Txhash","Blockno","UnixTimestamp","DateTime","From","To","TokenValue","USDValueDayOfTx","ContractAddress","TokenName","TokenSymbol", ""
"0xb401ddfa66246299a57968641b72dbc6f98425adf9851e4ec90e16b4e94b6afe","14675879","1651190125","2022-04-28 23:55:25","0xedd77d21145fa99ae03689f7341e42750f9cf33c","0x2ae08f2cbb9a9e2d4609c487ecb1b6308718d5e8","360.5","N/A","0xa5b947687163fe88c3e6af5b17ae69896f4abccf","Poseidon - H2O Governance Token","PSDN",""
"0xaff48839658010acb3909a33a65d56657a4bda24b1f428cafae5af2a3c3d3bbe","14681431","1651264889","2022-04-29 20:41:29","0x62352f1a701cff2aeb6b69d6a8cb196887020f22","0x2ae08f2cbb9a9e2d4609c487ecb1b6308718d5e8","0.14108889921565842","N/A","0x0ec4a47065bf52e1874d2491d4deeed3c638c75f","xPSDN-ETH1","xPSDN-ETH1",""
"0xff376608993e77dfe56dd1988da53be16e9f8a5732f113fd5e1524a9c96e82c4","14681533","1651266275","2022-04-29 21:04:35","0x2ae08f2cbb9a9e2d4609c487ecb1b6308718d5e8","0x62352f1a701cff2aeb6b69d6a8cb196887020f22","0.826145833333332203","N/A","0xa5b947687163fe88c3e6af5b17ae69896f4abccf","Poseidon - H2O Governance Token","PSDN",""
"0x9ec691ffebe524231a0b1b0f0fb5a2113dcb8726b51c9c969c726753989ce7fb","14681647","1651268159","2022-04-29 21:35:59","0xb31a478d817871c82da0bf96a395df9523bde09a","0x2ae08f2cbb9a9e2d4609c487ecb1b6308718d5e8","2.349234577926661732","N/A","0x0ec4a47065bf52e1874d2491d4deeed3c638c75f","xPSDN-ETH1","xPSDN-ETH1",""
"0x6a0d7fdd0cb455b3f7fc24b39baa1d843f69e7d34118968ec6f63d7f3c84d90f","14681701","1651268904","2022-04-29 21:48:24","0xc647f8f745a59b74a26d76da7dccc8badf649c32","0x2ae08f2cbb9a9e2d4609c487ecb1b6308718d5e8","4.946119889823387192","N/A","0x0ec4a47065bf52e1874d2491d4deeed3c638c75f","xPSDN-ETH1","xPSDN-ETH1",""
"0x0636ab64b709bf33ac02b29ff60a2b42fa08d082f47c0f79dc5c816a8b2dfd30","14681834","1651270776","2022-04-29 22:19:36","0xb31a478d817871c82da0bf96a395df9523bde09a","0x2ae08f2cbb9a9e2d4609c487ecb1b6308718d5e8","4.703412027079944139","N/A","0x0ec4a47065bf52e1874d2491d4deeed3c638c75f","xPSDN-ETH1","xPSDN-ETH1",""
"0xfe3591ea665495a71c213f26f28d2ec05a5de7dc629254394e73d0261b93c3e1","14681848","1651270967","2022-04-29 22:22:47","0xd58dcd4594087c2758717a59f44a5ac09db65105","0x2ae08f2cbb9a9e2d4609c487ecb1b6308718d5e8","0.21423919044126088","N/A","0x0ec4a47065bf52e1874d2491d4deeed3c638c75f","xPSDN-ETH1","xPSDN-ETH1",""
"0xb64bb0891376f9bf05709704fa64cfb047d837bde28e9b0dea7da4c355bd37f8","14681940","1651272198","2022-04-29 22:43:18","0x2ae08f2cbb9a9e2d4609c487ecb1b6308718d5e8","0xd58dcd4594087c2758717a59f44a5ac09db65105","0.012724465133511327","N/A","0xa5b947687163fe88c3e6af5b17ae69896f4abccf","Poseidon - H2O Governance Token","PSDN",""
"0xaf200156dc8468b5b9b7190692131f6be5ad770cd0c28d00ad3d043c8a25aba2","14682246","1651276336","2022-04-29 23:52:16","0x3b7b41f27b89f07269a0599f15fba723f21f2442","0x2ae08f2cbb9a9e2d4609c487ecb1b6308718d5e8","1.496774491271795497","N/A","0x0ec4a47065bf52e1874d2491d4deeed3c638c75f","xPSDN-ETH1","xPSDN-ETH1",""
"0x8b40698a59004b0f70e7687f57b4c0fd2683393535704fdc54cf2fe8ae6abe68","14682436","1651279089","2022-04-30 00:38:09","0xa911ccf5f6c7bd5fb25188d41a536890c3c8fae5","0x2ae08f2cbb9a9e2d4609c487ecb1b6308718d5e8","2.397349929400045251","N/A","0x0ec4a47065bf52e1874d2491d4deeed3c638c75f","xPSDN-ETH1","xPSDN-ETH1",""
"0x446027c4ed1745fcfa485108b858dd8b172832ea1d43a92563fb1d6e7e338b27","14682493","1651279686","2022-04-30 00:48:06","0x3b7b41f27b89f07269a0599f15fba723f21f2442","0x2ae08f2cbb9a9e2d4609c487ecb1b6308718d5e8","1.542033576851185674","N/A","0x0ec4a47065bf52e1874d2491d4deeed3c638c75f","xPSDN-ETH1","xPSDN-ETH1",""
"0xff56f4fd98bac8d334c75a613bbb06c80bf19d2dcbd0bd353b10353c6d35673f","14683424","1651292218","2022-04-30 04:16:58","0xb81a01f609c78c35b95ed5b1c3fd843fc73bdb6f","0x2ae08f2cbb9a9e2d4609c487ecb1b6308718d5e8","0.568656451981434231","N/A","0x0ec4a47065bf52e1874d2491d4deeed3c638c75f","xPSDN-ETH1","xPSDN-ETH1",""
"0x29ee5705673c3bddeff889ac2df6ab1da7d2224ed4bacf23f445fa5768bc7fda","14683431","1651292299","2022-04-30 04:18:19","0x201c59f0e15ccc48cab012525f16be7a91a91b53","0x2ae08f2cbb9a9e2d4609c487ecb1b6308718d5e8","2.703983470119470992","N/A","0x0ec4a47065bf52e1874d2491d4deeed3c638c75f","xPSDN-ETH1","xPSDN-ETH1",""
"0x355f2cf6f255002f4cb8f8fdc5fb2b96c469d02a58c10066917cc6d799795bf4","14683450","1651292593","2022-04-30 04:23:13","0xe0093f7a481f1545d4a656726735e544eb98ed93","0x2ae08f2cbb9a9e2d4609c487ecb1b6308718d5e8","1.697358446731410053","N/A","0x0ec4a47065bf52e1874d2491d4deeed3c638c75f","xPSDN-ETH1","xPSDN-ETH1",""
"0xa65e06dc7957ef6ec9d5564f7841ccdb144008b62e7f9be8947e1bfdfa586406","14683758","1651296598","2022-04-30 05:29:58","0xd3474bd2f558b12e83810ec7d8af14f2d1d08137","0x2ae08f2cbb9a9e2d4609c487ecb1b6308718d5e8","3.441703983421662704","N/A","0x0ec4a47065bf52e1874d2491d4deeed3c638c75f","xPSDN-ETH1","xPSDN-ETH1",""
"0xcb6d4b491b8368cb4c042e881ddacc7901573d82582df91e87b56eab69209fd6","14683961","1651299281","2022-04-30 06:14:41","0x6e1ad8e91b9b7b677c2a81fa31b6faaa657424fb","0x2ae08f2cbb9a9e2d4609c487ecb1b6308718d5e8","7.020484927646698873","N/A","0x0ec4a47065bf52e1874d2491d4deeed3c638c75f","xPSDN-ETH1","xPSDN-ETH1",""
"0x7c2456062120e8aed21506b650eb95f7d67137f222f706ba9564fd669fd21dcb","14684665","1651309005","2022-04-30 08:56:45","0x66b1e927c3d35cbf4de05a29dcd76ae4d8947081","0x2ae08f2cbb9a9e2d4609c487ecb1b6308718d5e8","0.135822609605982299","N/A","0x0ec4a47065bf52e1874d2491d4deeed3c638c75f","xPSDN-ETH1","xPSDN-ETH1",""
"0x332b212138a836db7432234c245baa611185953126903f832edbb75c419c463c","14685218","1651316618","2022-04-30 11:03:38","0xb6b5594c5c05c29d8877895216b7788c24436267","0x2ae08f2cbb9a9e2d4609c487ecb1b6308718d5e8","0.907242493988769367","N/A","0x0ec4a47065bf52e1874d2491d4deeed3c638c75f","xPSDN-ETH1","xPSDN-ETH1",""
"0xf608d02b471ba65601b2c7c85ab746498b9bac35306bcb3cb2a7510b97b97563","14685358","1651318635","2022-04-30 11:37:15","0xe0dc24a3d7478eb840dc63baa20fcb06cdb123be","0x2ae08f2cbb9a9e2d4609c487ecb1b6308718d5e8","1.418569954367433988","N/A","0x0ec4a47065bf52e1874d2491d4deeed3c638c75f","xPSDN-ETH1","xPSDN-ETH1",""
"0x4384abac9680ab2b49a3feee7ff934c89088ba3ce2b5b468f235b4f943583480","14685393","1651319025","2022-04-30 11:43:45","0x24c0019d5e632501afc98b47b8d0fcdaedc61734","0x2ae08f2cbb9a9e2d4609c487ecb1b6308718d5e8","6.685865687602161541","N/A","0x0ec4a47065bf52e1874d2491d4deeed3c638c75f","xPSDN-ETH1","xPSDN-ETH1",""
"0xe97ab21faa70bfb5a7476a57520c8c5780676df7d3118eca8fe1a2854bff35a2","14685455","1651320077","2022-04-30 12:01:17","0x24c0019d5e632501afc98b47b8d0fcdaedc61734","0x2ae08f2cbb9a9e2d4609c487ecb1b6308718d5e8","8.170059815392759522","N/A","0x0ec4a47065bf52e1874d2491d4deeed3c638c75f","xPSDN-ETH1","xPSDN-ETH1",""
"0xa70a96b6df3563e92d0baeb55e074943779897e38624796f0fd24cab23ed96c2","14685483","1651320428","2022-04-30 12:07:08","0x2ae08f2cbb9a9e2d4609c487ecb1b6308718d5e8","0x24c0019d5e632501afc98b47b8d0fcdaedc61734","0.160447033458380354","N/A","0xa5b947687163fe88c3e6af5b17ae69896f4abccf","Poseidon - H2O Governance Token","PSDN",""
"0x25335d445475fab83fc4c0c9eef263a7f263af54699d05e92752e1f29aae7c79","14685527","1651321025","2022-04-30 12:17:05","0x12cdfa0fc53615e2be8d9b495b065c108bf77907","0x2ae08f2cbb9a9e2d4609c487ecb1b6308718d5e8","0.1802001519660881","N/A","0x0ec4a47065bf52e1874d2491d4deeed3c638c75f","xPSDN-ETH1","xPSDN-ETH1",""
"0x9cc62bbc5183aaa2ba05a91862dfb16bb0d6d60b107db334b4a51b1a3c3e6309","14685540","1651321157","2022-04-30 12:19:17","0x6c64f87af61b0d100ccfacb0c719e5d5d2833cd4","0x2ae08f2cbb9a9e2d4609c487ecb1b6308718d5e8","1.452221278659542311","N/A","0x0ec4a47065bf52e1874d2491d4deeed3c638c75f","xPSDN-ETH1","xPSDN-ETH1",""
"0x393ddf9201fe6b6a0f0ac9cdf53b1382c786c73b75b6ecc5b76afe670d50e445","14685607","1651322076","2022-04-30 12:34:36","0x2ae08f2cbb9a9e2d4609c487ecb1b6308718d5e8","0xb6b5594c5c05c29d8877895216b7788c24436267","0.072245764120108091","N/A","0xa5b947687163fe88c3e6af5b17ae69896f4abccf","Poseidon - H2O Governance Token","PSDN",""
"0xf918c18bde8a88db0e767d22072378f843e86c4cb1e015d63fbb23d8816ef4d7","14685858","1651325361","2022-04-30 13:29:21","0x2ae08f2cbb9a9e2d4609c487ecb1b6308718d5e8","0xd3474bd2f558b12e83810ec7d8af14f2d1d08137","1.681947705471431322","N/A","0xa5b947687163fe88c3e6af5b17ae69896f4abccf","Poseidon - H2O Governance Token","PSDN",""
"0xd149b4e864da456844765f7cf7da50e6d9db6246c146379241a617115c8f74da","14688126","1651355884","2022-04-30 21:58:04","0x2ae08f2cbb9a9e2d4609c487ecb1b6308718d5e8","0xa911ccf5f6c7bd5fb25188d41a536890c3c8fae5","3.344403720480692881","N/A","0xa5b947687163fe88c3e6af5b17ae69896f4abccf","Poseidon - H2O Governance Token","PSDN",""
"0x57d151aa58ef97a0d94116cca02f04d921b061fadb0e664a0c3cea5d0114c90c","14688150","1651356289","2022-04-30 22:04:49","0x519e21a4bf3eb67d811b04b4d8d44deaba5f5e0a","0x2ae08f2cbb9a9e2d4609c487ecb1b6308718d5e8","2.267751471901174092","N/A","0x0ec4a47065bf52e1874d2491d4deeed3c638c75f","xPSDN-ETH1","xPSDN-ETH1",""
"0x0f7f0b96ccee73c014c07edaacfc02887e6b88f626969749f9dade15d8b3416b","14688467","1651361026","2022-04-30 23:23:46","0x2ae08f2cbb9a9e2d4609c487ecb1b6308718d5e8","0xe0093f7a481f1545d4a656726735e544eb98ed93","1.697358446731410053","N/A","0x0ec4a47065bf52e1874d2491d4deeed3c638c75f","xPSDN-ETH1","xPSDN-ETH1",""
"0x0f7f0b96ccee73c014c07edaacfc02887e6b88f626969749f9dade15d8b3416b","14688467","1651361026","2022-04-30 23:23:46","0x2ae08f2cbb9a9e2d4609c487ecb1b6308718d5e8","0xe0093f7a481f1545d4a656726735e544eb98ed93","1.695317019798887423","N/A","0xa5b947687163fe88c3e6af5b17ae69896f4abccf","Poseidon - H2O Governance Token","PSDN",""
"0x3fbdc70a3082dcf4d7ef8942e693d4e682c022d7aa6ac92d35a36cafbc9922fd","14691147","1651396957","2022-05-01 09:22:37","0x2ae08f2cbb9a9e2d4609c487ecb1b6308718d5e8","0x24c0019d5e632501afc98b47b8d0fcdaedc61734","12.893545851085599027","N/A","0xa5b947687163fe88c3e6af5b17ae69896f4abccf","Poseidon - H2O Governance Token","PSDN",""
"0x67b495694b13cf148cfe495cfb6739c60fe4522d1491d2e594095e316abbde36","14691186","1651397517","2022-05-01 09:31:57","0x24c0019d5e632501afc98b47b8d0fcdaedc61734","0x2ae08f2cbb9a9e2d4609c487ecb1b6308718d5e8","1.74099973878872643","N/A","0x0ec4a47065bf52e1874d2491d4deeed3c638c75f","xPSDN-ETH1","xPSDN-ETH1",""
"0x020516ec38727b660a5ad262d48516998e6f8518918d1899c0e9d097b4b940be","14691411","1651400531","2022-05-01 10:22:11","0xa911ccf5f6c7bd5fb25188d41a536890c3c8fae5","0x2ae08f2cbb9a9e2d4609c487ecb1b6308718d5e8","1.274193821521460449","N/A","0x0ec4a47065bf52e1874d2491d4deeed3c638c75f","xPSDN-ETH1","xPSDN-ETH1",""
"0xf8d671344b1a72d8e28aa3b2b099c6f1d78fd601cb6064e0daa4f94f5fc98099","14692936","1651421201","2022-05-01 16:06:41","0x8fd4e91676d540b2c22e793617fc789f3fce00ba","0x2ae08f2cbb9a9e2d4609c487ecb1b6308718d5e8","1.691778491155690545","N/A","0x0ec4a47065bf52e1874d2491d4deeed3c638c75f","xPSDN-ETH1","xPSDN-ETH1",""
"0xd6f121702c8c3285ca4225687c38bf8ff73fedb2e8f4057b2ae0004d12ca6c14","14693515","1651429143","2022-05-01 18:19:03","0x2ae08f2cbb9a9e2d4609c487ecb1b6308718d5e8","0x8fd4e91676d540b2c22e793617fc789f3fce00ba","0.13940503061101618","N/A","0xa5b947687163fe88c3e6af5b17ae69896f4abccf","Poseidon - H2O Governance Token","PSDN",""
"0xab3bc789bc3ba985c9c49f5375bf0a50be01ff5ed24aa7dfca84a874b95c49a3","14693676","1651431532","2022-05-01 18:58:52","0x2ae08f2cbb9a9e2d4609c487ecb1b6308718d5e8","0xb31a478d817871c82da0bf96a395df9523bde09a","19.192627462010446071","N/A","0xa5b947687163fe88c3e6af5b17ae69896f4abccf","Poseidon - H2O Governance Token","PSDN",""
"0x206bdceb22ac36eceea24b359d8c272438c12cfac4b6e56e7d2e9f679e11ef96","14694451","1651441927","2022-05-01 21:52:07","0xd531b6a5ab7db8b5091876d8c26836e53e0d3cd5","0x2ae08f2cbb9a9e2d4609c487ecb1b6308718d5e8","0.240528986279507865","N/A","0x0ec4a47065bf52e1874d2491d4deeed3c638c75f","xPSDN-ETH1","xPSDN-ETH1",""
"0x87b369ef820825077c516538ea7c21ae43e1714be1632aadb2661ba4ca233729","14694547","1651443181","2022-05-01 22:13:01","0xd531b6a5ab7db8b5091876d8c26836e53e0d3cd5","0x2ae08f2cbb9a9e2d4609c487ecb1b6308718d5e8","2.17290566218655272","N/A","0x0ec4a47065bf52e1874d2491d4deeed3c638c75f","xPSDN-ETH1","xPSDN-ETH1",""
"0x5c336125a7af34ef2fc394040b360a13bd86bba10588aa717f9193984968976f","14695307","1651453400","2022-05-02 01:03:20","0x0eaee7557fb9f7bcec342baffd628a6bd2cd3bc7","0x2ae08f2cbb9a9e2d4609c487ecb1b6308718d5e8","0.214300755687532271","N/A","0x0ec4a47065bf52e1874d2491d4deeed3c638c75f","xPSDN-ETH1","xPSDN-ETH1",""
"0x77010f3f5b7caad76ecb6b2bf1e68fe496bcf7fdb64e5fea98cab387d09e1e9d","14695970","1651462271","2022-05-02 03:31:11","0x1d8b19d2049890641d80b9128d511feb0ae55247","0x2ae08f2cbb9a9e2d4609c487ecb1b6308718d5e8","0.105683258937935452","N/A","0x0ec4a47065bf52e1874d2491d4deeed3c638c75f","xPSDN-ETH1","xPSDN-ETH1",""
"0x562e629902efecc90d3a0a5eca8b63676bf4e359db7f43791ece75ed0c2b1711","14698715","1651500336","2022-05-02 14:05:36","0xca3b40e3c90753eea6f9b93001480e107be38dd7","0x2ae08f2cbb9a9e2d4609c487ecb1b6308718d5e8","0.297596454425635461","N/A","0x0ec4a47065bf52e1874d2491d4deeed3c638c75f","xPSDN-ETH1","xPSDN-ETH1",""
"0xca17504b6a7c3f68e918e2cd897895d1ccb95fb674c99e3dfa9dced832d9fb14","14699249","1651506862","2022-05-02 15:54:22","0x2ae08f2cbb9a9e2d4609c487ecb1b6308718d5e8","0x24c0019d5e632501afc98b47b8d0fcdaedc61734","18.566774117527948351","N/A","0xa5b947687163fe88c3e6af5b17ae69896f4abccf","Poseidon - H2O Governance Token","PSDN",""
"0x03683bb292a2cb5bb04f019434a4686bb7b4d4092c031e79dd7727cd24192eb5","14699253","1651506938","2022-05-02 15:55:38","0x2ae08f2cbb9a9e2d4609c487ecb1b6308718d5e8","0x24c0019d5e632501afc98b47b8d0fcdaedc61734","16.596925241783647493","N/A","0x0ec4a47065bf52e1874d2491d4deeed3c638c75f","xPSDN-ETH1","xPSDN-ETH1",""
"0x56c8567f500b999e0178cc1a793bbf8e7f128c930dae1fe32be952cf1251311f","14699730","1651513597","2022-05-02 17:46:37","0x2ae08f2cbb9a9e2d4609c487ecb1b6308718d5e8","0xd3474bd2f558b12e83810ec7d8af14f2d1d08137","3.441703983421662704","N/A","0x0ec4a47065bf52e1874d2491d4deeed3c638c75f","xPSDN-ETH1","xPSDN-ETH1",""
"0x56c8567f500b999e0178cc1a793bbf8e7f128c930dae1fe32be952cf1251311f","14699730","1651513597","2022-05-02 17:46:37","0x2ae08f2cbb9a9e2d4609c487ecb1b6308718d5e8","0xd3474bd2f558b12e83810ec7d8af14f2d1d08137","6.95854577920970803","N/A","0xa5b947687163fe88c3e6af5b17ae69896f4abccf","Poseidon - H2O Governance Token","PSDN",""
"0xccc3031c4f06996b7e48bd5b9ddb3ac3b16a434684f1125e517baed694a64c91","14702584","1651552864","2022-05-03 04:41:04","0x2ae08f2cbb9a9e2d4609c487ecb1b6308718d5e8","0xa911ccf5f6c7bd5fb25188d41a536890c3c8fae5","3.6715437509215057","N/A","0x0ec4a47065bf52e1874d2491d4deeed3c638c75f","xPSDN-ETH1","xPSDN-ETH1",""
"0xccc3031c4f06996b7e48bd5b9ddb3ac3b16a434684f1125e517baed694a64c91","14702584","1651552864","2022-05-03 04:41:04","0x2ae08f2cbb9a9e2d4609c487ecb1b6308718d5e8","0xa911ccf5f6c7bd5fb25188d41a536890c3c8fae5","7.628307355359722661","N/A","0xa5b947687163fe88c3e6af5b17ae69896f4abccf","Poseidon - H2O Governance Token","PSDN",""
"0xdc7450d1add440a335c7b5adf32c9f7042ba23cdba3e9b78d4f21a9e02a8da89","14703520","1651565607","2022-05-03 08:13:27","0x24c0019d5e632501afc98b47b8d0fcdaedc61734","0x2ae08f2cbb9a9e2d4609c487ecb1b6308718d5e8","10.844278938965138193","N/A","0x0ec4a47065bf52e1874d2491d4deeed3c638c75f","xPSDN-ETH1","xPSDN-ETH1",""
"0x1fb51e8d451052f207073b3a0c9d086239539a10b85c092451f9abcd7fef4ea4","14703764","1651568757","2022-05-03 09:05:57","0x2ae08f2cbb9a9e2d4609c487ecb1b6308718d5e8","0xb6b5594c5c05c29d8877895216b7788c24436267","0.907242493988769367","N/A","0x0ec4a47065bf52e1874d2491d4deeed3c638c75f","xPSDN-ETH1","xPSDN-ETH1",""
"0x1fb51e8d451052f207073b3a0c9d086239539a10b85c092451f9abcd7fef4ea4","14703764","1651568757","2022-05-03 09:05:57","0x2ae08f2cbb9a9e2d4609c487ecb1b6308718d5e8","0xb6b5594c5c05c29d8877895216b7788c24436267","2.61658560786051471","N/A","0xa5b947687163fe88c3e6af5b17ae69896f4abccf","Poseidon - H2O Governance Token","PSDN",""
"0xb1a1d42fc69d72b955339020e0ed7c2078ef8aa546f366ab4ed42c6256d27600","14704933","1651584899","2022-05-03 13:34:59","0x2ae08f2cbb9a9e2d4609c487ecb1b6308718d5e8","0xd531b6a5ab7db8b5091876d8c26836e53e0d3cd5","2.413434648466060585","N/A","0x0ec4a47065bf52e1874d2491d4deeed3c638c75f","xPSDN-ETH1","xPSDN-ETH1",""
"0xa97ad2782cdcfa2b4bcfc5cec083a8e88902c0dec8d9968cf90997b99bef138b","14704941","1651585025","2022-05-03 13:37:05","0x2ae08f2cbb9a9e2d4609c487ecb1b6308718d5e8","0xd531b6a5ab7db8b5091876d8c26836e53e0d3cd5","4.233929053782674723","N/A","0xa5b947687163fe88c3e6af5b17ae69896f4abccf","Poseidon - H2O Governance Token","PSDN",""
"0x7361f811699ba9e5a17137d19defd56e35def612ae9af7e0266e66774bb58c17","14712636","1651690447","2022-05-04 18:54:07","0x2ae08f2cbb9a9e2d4609c487ecb1b6308718d5e8","0x3b7b41f27b89f07269a0599f15fba723f21f2442","16.915492496822575462","N/A","0xa5b947687163fe88c3e6af5b17ae69896f4abccf","Poseidon - H2O Governance Token","PSDN",""
"0x1ae20f1d8e5caf7a2eefd5c64ab6a4558b2ec56b08d7141db9679199e5d7d9cc","14714400","1651714753","2022-05-05 01:39:13","0x6e1ad8e91b9b7b677c2a81fa31b6faaa657424fb","0x2ae08f2cbb9a9e2d4609c487ecb1b6308718d5e8","4.343684102983635355","N/A","0x0ec4a47065bf52e1874d2491d4deeed3c638c75f","xPSDN-ETH1","xPSDN-ETH1",""
"0xc04cfcb0b497497f9e83618054304540cd25b61abb92c719ecd4250f964f72cb","14716876","1651748503","2022-05-05 11:01:43","0x2ae08f2cbb9a9e2d4609c487ecb1b6308718d5e8","0xca3b40e3c90753eea6f9b93001480e107be38dd7","0.297596454425635461","N/A","0x0ec4a47065bf52e1874d2491d4deeed3c638c75f","xPSDN-ETH1","xPSDN-ETH1",""
"0xc04cfcb0b497497f9e83618054304540cd25b61abb92c719ecd4250f964f72cb","14716876","1651748503","2022-05-05 11:01:43","0x2ae08f2cbb9a9e2d4609c487ecb1b6308718d5e8","0xca3b40e3c90753eea6f9b93001480e107be38dd7","0.996146337456112745","N/A","0xa5b947687163fe88c3e6af5b17ae69896f4abccf","Poseidon - H2O Governance Token","PSDN",""
"0xd7c1a91ddbd9ddcf4a5cdff8854b71bd152667b42d5af58e877dbe97861c84dc","14720638","1651800718","2022-05-06 01:31:58","0x2ae08f2cbb9a9e2d4609c487ecb1b6308718d5e8","0x6e1ad8e91b9b7b677c2a81fa31b6faaa657424fb","48.717881909975805945","N/A","0xa5b947687163fe88c3e6af5b17ae69896f4abccf","Poseidon - H2O Governance Token","PSDN",""
"0x36d99e1d5aa8dd15252328ae738ecc07aa087773bbd6c49d4e37a87ecd03d423","14724695","1651855814","2022-05-06 16:50:14","0xedd77d21145fa99ae03689f7341e42750f9cf33c","0x2ae08f2cbb9a9e2d4609c487ecb1b6308718d5e8","360.5","N/A","0xa5b947687163fe88c3e6af5b17ae69896f4abccf","Poseidon - H2O Governance Token","PSDN",""
"0xaa61274e9d1e245ff5fde2680b01034888837d58cc1f3b9a707952ad9aa57e2c","14727515","1651894837","2022-05-07 03:40:37","0x2ae08f2cbb9a9e2d4609c487ecb1b6308718d5e8","0xe0dc24a3d7478eb840dc63baa20fcb06cdb123be","10.084313462476590782","N/A","0xa5b947687163fe88c3e6af5b17ae69896f4abccf","Poseidon - H2O Governance Token","PSDN",""
"0x01a6d389b06ee9c93b39a38de0e17563dac2c4f2a27788c83929fe75ec64afde","14738402","1652044305","2022-05-08 21:11:45","0x2ae08f2cbb9a9e2d4609c487ecb1b6308718d5e8","0xb31a478d817871c82da0bf96a395df9523bde09a","7.052646605006605871","N/A","0x0ec4a47065bf52e1874d2491d4deeed3c638c75f","xPSDN-ETH1","xPSDN-ETH1",""
"0x01a6d389b06ee9c93b39a38de0e17563dac2c4f2a27788c83929fe75ec64afde","14738402","1652044305","2022-05-08 21:11:45","0x2ae08f2cbb9a9e2d4609c487ecb1b6308718d5e8","0xb31a478d817871c82da0bf96a395df9523bde09a","54.477692253849971454","N/A","0xa5b947687163fe88c3e6af5b17ae69896f4abccf","Poseidon - H2O Governance Token","PSDN",""
"0xb058a039dc3c1458dfe9d42013a44b382b2f3b5512da64088628298d6394af63","14742744","1652103808","2022-05-09 13:43:28","0x2ae08f2cbb9a9e2d4609c487ecb1b6308718d5e8","0x6c64f87af61b0d100ccfacb0c719e5d5d2833cd4","1.452221278659542311","N/A","0x0ec4a47065bf52e1874d2491d4deeed3c638c75f","xPSDN-ETH1","xPSDN-ETH1",""
"0xb058a039dc3c1458dfe9d42013a44b382b2f3b5512da64088628298d6394af63","14742744","1652103808","2022-05-09 13:43:28","0x2ae08f2cbb9a9e2d4609c487ecb1b6308718d5e8","0x6c64f87af61b0d100ccfacb0c719e5d5d2833cd4","14.269270193547112039","N/A","0xa5b947687163fe88c3e6af5b17ae69896f4abccf","Poseidon - H2O Governance Token","PSDN",""
"0xf9815aecd763884f7c6196002a0b332c054cb408b3287c72af500e578e9cafec","14744281","1652125903","2022-05-09 19:51:43","0x2ae08f2cbb9a9e2d4609c487ecb1b6308718d5e8","0x24c0019d5e632501afc98b47b8d0fcdaedc61734","10.844278938965138193","N/A","0x0ec4a47065bf52e1874d2491d4deeed3c638c75f","xPSDN-ETH1","xPSDN-ETH1",""
"0xf9815aecd763884f7c6196002a0b332c054cb408b3287c72af500e578e9cafec","14744281","1652125903","2022-05-09 19:51:43","0x2ae08f2cbb9a9e2d4609c487ecb1b6308718d5e8","0x24c0019d5e632501afc98b47b8d0fcdaedc61734","79.254370851424465322","N/A","0xa5b947687163fe88c3e6af5b17ae69896f4abccf","Poseidon - H2O Governance Token","PSDN",""
"0x055ba9cc857c903d2862e9b4379bb4d659fcd71c4749c229d5255143e81c3146","14748568","1652185813","2022-05-10 12:30:13","0x2ae08f2cbb9a9e2d4609c487ecb1b6308718d5e8","0x66b1e927c3d35cbf4de05a29dcd76ae4d8947081","0.135822609605982299","N/A","0x0ec4a47065bf52e1874d2491d4deeed3c638c75f","xPSDN-ETH1","xPSDN-ETH1",""
"0x055ba9cc857c903d2862e9b4379bb4d659fcd71c4749c229d5255143e81c3146","14748568","1652185813","2022-05-10 12:30:13","0x2ae08f2cbb9a9e2d4609c487ecb1b6308718d5e8","0x66b1e927c3d35cbf4de05a29dcd76ae4d8947081","1.578490332336301975","N/A","0xa5b947687163fe88c3e6af5b17ae69896f4abccf","Poseidon - H2O Governance Token","PSDN",""
"0xc48d226d61af52592b9552c50a19f0cdaed1f7049e811c195562e51da381693e","14749466","1652197843","2022-05-10 15:50:43","0x2ae08f2cbb9a9e2d4609c487ecb1b6308718d5e8","0x1d8b19d2049890641d80b9128d511feb0ae55247","1.070804357907016104","N/A","0xa5b947687163fe88c3e6af5b17ae69896f4abccf","Poseidon - H2O Governance Token","PSDN",""
"0x625e15f54e8b98d5150626e4ae456b29cca1bb84e753bd272a7b69ca594453b9","14750851","1652217343","2022-05-10 21:15:43","0x2ae08f2cbb9a9e2d4609c487ecb1b6308718d5e8","0x3b7b41f27b89f07269a0599f15fba723f21f2442","22.969469085618510697","N/A","0xa5b947687163fe88c3e6af5b17ae69896f4abccf","Poseidon - H2O Governance Token","PSDN",""
"0xd0f3ee43d0bad820b03aa3833329e8d1aa8315cec2840025619e3453ea53bb1a","14751685","1652228927","2022-05-11 00:28:47","0x2ae08f2cbb9a9e2d4609c487ecb1b6308718d5e8","0x3b7b41f27b89f07269a0599f15fba723f21f2442","3.038808068122981171","N/A","0x0ec4a47065bf52e1874d2491d4deeed3c638c75f","xPSDN-ETH1","xPSDN-ETH1",""
"0xd0f3ee43d0bad820b03aa3833329e8d1aa8315cec2840025619e3453ea53bb1a","14751685","1652228927","2022-05-11 00:28:47","0x2ae08f2cbb9a9e2d4609c487ecb1b6308718d5e8","0x3b7b41f27b89f07269a0599f15fba723f21f2442","0.740348878476650756","N/A","0xa5b947687163fe88c3e6af5b17ae69896f4abccf","Poseidon - H2O Governance Token","PSDN",""
"0x8109526723e789f09ae1ef1a890e1e49b77bd13b4dcbe4904991335c8449e034","14768218","1652456290","2022-05-13 15:38:10","0xedd77d21145fa99ae03689f7341e42750f9cf33c","0x2ae08f2cbb9a9e2d4609c487ecb1b6308718d5e8","360.5","N/A","0xa5b947687163fe88c3e6af5b17ae69896f4abccf","Poseidon - H2O Governance Token","PSDN",""
"0x7a82560c231f6a86e1ed6b2841923fd2f0ade9a81bf3c45a097ef7b59cb454b6","14771254","1652497861","2022-05-14 03:11:01","0x98bed949d4e5607a753185cfb7153b53e0c3c80a","0x2ae08f2cbb9a9e2d4609c487ecb1b6308718d5e8","0.278493884053637014","N/A","0x0ec4a47065bf52e1874d2491d4deeed3c638c75f","xPSDN-ETH1","xPSDN-ETH1",""
"0x6c13513f6dc833f2ab5e2d02b8e55d35850d0fc2a7a2f8b91b33bab0e8cf4c2a","14771702","1652504604","2022-05-14 05:03:24","0x2ae08f2cbb9a9e2d4609c487ecb1b6308718d5e8","0xe0dc24a3d7478eb840dc63baa20fcb06cdb123be","16.618168466304669928","N/A","0xa5b947687163fe88c3e6af5b17ae69896f4abccf","Poseidon - H2O Governance Token","PSDN",""
"0x8a2713278e464a6537c84a8c72ce904544520a6ab392a7c1e1bb3617bdee1ab5","14773292","1652526939","2022-05-14 11:15:39","0x98bed949d4e5607a753185cfb7153b53e0c3c80a","0x2ae08f2cbb9a9e2d4609c487ecb1b6308718d5e8","9.843820752376320054","N/A","0x0ec4a47065bf52e1874d2491d4deeed3c638c75f","xPSDN-ETH1","xPSDN-ETH1",""
"0xa161173c3ebb59f5b9fa9384d935f12ee929a9b79ddb3de3b49c612b6ba3cbfd","14776597","1652571584","2022-05-14 23:39:44","0x8b7a34b7417ad2c7c3ba99a1c69df2ec65299493","0x2ae08f2cbb9a9e2d4609c487ecb1b6308718d5e8","0.84307726128897286","N/A","0x0ec4a47065bf52e1874d2491d4deeed3c638c75f","xPSDN-ETH1","xPSDN-ETH1",""
"0xfd2e52e3b6b12347ade10c26f6bc352e2f5cc8dabc2f7da0899b49e665ab314b","14778175","1652592865","2022-05-15 05:34:25","0x2ae08f2cbb9a9e2d4609c487ecb1b6308718d5e8","0xb81a01f609c78c35b95ed5b1c3fd843fc73bdb6f","11.914649170893591391","N/A","0xa5b947687163fe88c3e6af5b17ae69896f4abccf","Poseidon - H2O Governance Token","PSDN",""
"0x5cf11e2e88a8d46b5d868b2d986e79838046638f71005446f5288287db34cb13","14779825","1652615892","2022-05-15 11:58:12","0x2ae08f2cbb9a9e2d4609c487ecb1b6308718d5e8","0x98bed949d4e5607a753185cfb7153b53e0c3c80a","15.04941451525001142","N/A","0xa5b947687163fe88c3e6af5b17ae69896f4abccf","Poseidon - H2O Governance Token","PSDN",""
"0xd7d8c788a922aebb300957b2c8e4ffab2355f2875307015ffb2c3d7543bba969","14782380","1652650621","2022-05-15 21:37:01","0x98bed949d4e5607a753185cfb7153b53e0c3c80a","0x2ae08f2cbb9a9e2d4609c487ecb1b6308718d5e8","11.046705625660063966","N/A","0x0ec4a47065bf52e1874d2491d4deeed3c638c75f","xPSDN-ETH1","xPSDN-ETH1",""
"0x15c0494f9eb0a129537ca74d6a950e04bc7ed419edc66f2029a9f784513cadbc","14783538","1652666667","2022-05-16 02:04:27","0x8a7494079050d49a31141ea726cf194d7817efc0","0x2ae08f2cbb9a9e2d4609c487ecb1b6308718d5e8","0.503150942788874631","N/A","0x0ec4a47065bf52e1874d2491d4deeed3c638c75f","xPSDN-ETH1","xPSDN-ETH1",""
"0xcda8da70390d7a05a20c20f4dbaf0464df1bab0756818eca797597a5eedaca14","14783846","1652670725","2022-05-16 03:12:05","0x2ae08f2cbb9a9e2d4609c487ecb1b6308718d5e8","0x201c59f0e15ccc48cab012525f16be7a91a91b53","59.876072156469981476","N/A","0xa5b947687163fe88c3e6af5b17ae69896f4abccf","Poseidon - H2O Governance Token","PSDN",""
"0xa1e2f8a67fe5bacfe89b5e5b5aa0539e3da2e4f149c3ac0079d8b5529c9164ff","14783974","1652672695","2022-05-16 03:44:55","0x201c59f0e15ccc48cab012525f16be7a91a91b53","0x2ae08f2cbb9a9e2d4609c487ecb1b6308718d5e8","2.008538401747701694","N/A","0x0ec4a47065bf52e1874d2491d4deeed3c638c75f","xPSDN-ETH1","xPSDN-ETH1",""
"0x2c2c616aeb313074eb0c145c38027d24ca317ce897a05b2e9bf1c4c8b608dae3","14784407","1652678542","2022-05-16 05:22:22","0x2ae08f2cbb9a9e2d4609c487ecb1b6308718d5e8","0x98bed949d4e5607a753185cfb7153b53e0c3c80a","13.057143000735866748","N/A","0xa5b947687163fe88c3e6af5b17ae69896f4abccf","Poseidon - H2O Governance Token","PSDN",""
"0xa5846b5d83004267c7e2c4e42634018934d877a9570c608f6ef16081b9bf7fba","14784611","1652681340","2022-05-16 06:09:00","0x98bed949d4e5607a753185cfb7153b53e0c3c80a","0x2ae08f2cbb9a9e2d4609c487ecb1b6308718d5e8","0.781376933128458964","N/A","0x0ec4a47065bf52e1874d2491d4deeed3c638c75f","xPSDN-ETH1","xPSDN-ETH1",""
"0xf9e8ed36b0a04bf758a06184179edf9f24e896a13539ab7279c4f44e82e7b197","14795075","1652825629","2022-05-17 22:13:49","0x2ae08f2cbb9a9e2d4609c487ecb1b6308718d5e8","0x98bed949d4e5607a753185cfb7153b53e0c3c80a","37.884671296704014425","N/A","0xa5b947687163fe88c3e6af5b17ae69896f4abccf","Poseidon - H2O Governance Token","PSDN",""
"0x73d94f97b10245d45b4c53870d0da692ef36f0990a3f42fd1f78a845b5657c37","14795224","1652827493","2022-05-17 22:44:53","0x2ae08f2cbb9a9e2d4609c487ecb1b6308718d5e8","0x6e1ad8e91b9b7b677c2a81fa31b6faaa657424fb","199.184742378835731217","N/A","0xa5b947687163fe88c3e6af5b17ae69896f4abccf","Poseidon - H2O Governance Token","PSDN",""
"0x5949aa81d7e18ea8ae39fcbeb27a2ee73292c464e1dc45a683034332b912f0ca","14795261","1652827951","2022-05-17 22:52:31","0x6e1ad8e91b9b7b677c2a81fa31b6faaa657424fb","0x2ae08f2cbb9a9e2d4609c487ecb1b6308718d5e8","5.61709914858732511","N/A","0x0ec4a47065bf52e1874d2491d4deeed3c638c75f","xPSDN-ETH1","xPSDN-ETH1",""
"0xd8992be182b491df8132b04e197c9839bf7f3e3cca420edbc386faf5de019855","14795262","1652827991","2022-05-17 22:53:11","0x98bed949d4e5607a753185cfb7153b53e0c3c80a","0x2ae08f2cbb9a9e2d4609c487ecb1b6308718d5e8","0.62609010819288123","N/A","0x0ec4a47065bf52e1874d2491d4deeed3c638c75f","xPSDN-ETH1","xPSDN-ETH1",""
"0x0f76b09156694cd52ad1a700349a27988187d247c68dacf8a4a822dd057d37c4","14799166","1652881294","2022-05-18 13:41:34","0x139776871ee95f55d20b10d9ba5a0385451066cd","0x2ae08f2cbb9a9e2d4609c487ecb1b6308718d5e8","0.515907716886779477","N/A","0x0ec4a47065bf52e1874d2491d4deeed3c638c75f","xPSDN-ETH1","xPSDN-ETH1",""
"0x43859e79c1205cc9471f45e824c2f5c9a1c2e1fac9d9a3146f7bf522defe55a2","14801840","1652919096","2022-05-19 00:11:36","0xc766d73be01caa06834032bf5c8f8f0f41a7bf36","0x2ae08f2cbb9a9e2d4609c487ecb1b6308718d5e8","0.674297365560090395","N/A","0x0ec4a47065bf52e1874d2491d4deeed3c638c75f","xPSDN-ETH1","xPSDN-ETH1",""
"0xe4b6982eaf3171d1e056ba168d34c4ab20451f0e3a2c15b4d38f2eabeac9650c","14806743","1652988482","2022-05-19 19:28:02","0x2ae08f2cbb9a9e2d4609c487ecb1b6308718d5e8","0x98bed949d4e5607a753185cfb7153b53e0c3c80a","38.098787906716507489","N/A","0xa5b947687163fe88c3e6af5b17ae69896f4abccf","Poseidon - H2O Governance Token","PSDN",""
"0xadb54bc66e8c8855d03246ded795cb5581cb64a49ab6d4563e57dad6a62c6e16","14807181","1652994784","2022-05-19 21:13:04","0x98bed949d4e5607a753185cfb7153b53e0c3c80a","0x2ae08f2cbb9a9e2d4609c487ecb1b6308718d5e8","0.627652522554329588","N/A","0x0ec4a47065bf52e1874d2491d4deeed3c638c75f","xPSDN-ETH1","xPSDN-ETH1",""
"0x2758a2851df1348f8734ed861d419125a9b370f26c96005ab9bd240fa43ea385","14807535","1652999624","2022-05-19 22:33:44","0xd531b6a5ab7db8b5091876d8c26836e53e0d3cd5","0x2ae08f2cbb9a9e2d4609c487ecb1b6308718d5e8","1.734116130851424948","N/A","0x0ec4a47065bf52e1874d2491d4deeed3c638c75f","xPSDN-ETH1","xPSDN-ETH1",""
"0x890589e0bd38ec8f07c01ad3882a7c266d9d7e5c5b1dcaca279f8433444fc149","14812204","1653064806","2022-05-20 16:40:06","0xedd77d21145fa99ae03689f7341e42750f9cf33c","0x2ae08f2cbb9a9e2d4609c487ecb1b6308718d5e8","360.5","N/A","0xa5b947687163fe88c3e6af5b17ae69896f4abccf","Poseidon - H2O Governance Token","PSDN",""
"0x4049aa86787fa2da8931b28d1da59b74b36f858744ed7c78fdec58dc0eac1700","14820844","1653186186","2022-05-22 02:23:06","0x2ae08f2cbb9a9e2d4609c487ecb1b6308718d5e8","0x0eaee7557fb9f7bcec342baffd628a6bd2cd3bc7","0.214300755687532271","N/A","0x0ec4a47065bf52e1874d2491d4deeed3c638c75f","xPSDN-ETH1","xPSDN-ETH1",""
"0x4049aa86787fa2da8931b28d1da59b74b36f858744ed7c78fdec58dc0eac1700","14820844","1653186186","2022-05-22 02:23:06","0x2ae08f2cbb9a9e2d4609c487ecb1b6308718d5e8","0x0eaee7557fb9f7bcec342baffd628a6bd2cd3bc7","5.477437145172147933","N/A","0xa5b947687163fe88c3e6af5b17ae69896f4abccf","Poseidon - H2O Governance Token","PSDN",""
"0x46ac436b6db015bae17ac11e6d1774ccffb217919ba21ff13794c1e17c725220","14820914","1653187190","2022-05-22 02:39:50","0x0eaee7557fb9f7bcec342baffd628a6bd2cd3bc7","0x2ae08f2cbb9a9e2d4609c487ecb1b6308718d5e8","0.214300755687532271","N/A","0x0ec4a47065bf52e1874d2491d4deeed3c638c75f","xPSDN-ETH1","xPSDN-ETH1",""
"0x7258040d55cfd0d1529e6917b45780ec742a25a990220e13a0a0e68d8dddb5ab","14821500","1653195296","2022-05-22 04:54:56","0x2ae08f2cbb9a9e2d4609c487ecb1b6308718d5e8","0xe0dc24a3d7478eb840dc63baa20fcb06cdb123be","11.786345526310391406","N/A","0xa5b947687163fe88c3e6af5b17ae69896f4abccf","Poseidon - H2O Governance Token","PSDN",""
"0x2e1d327acc34ec68fc3c4163da2dc21bc965c9ddde258078be93917f91041f3a","14829343","1653305703","2022-05-23 11:35:03","0x2ae08f2cbb9a9e2d4609c487ecb1b6308718d5e8","0x8a7494079050d49a31141ea726cf194d7817efc0","3.340424384845312389","N/A","0xa5b947687163fe88c3e6af5b17ae69896f4abccf","Poseidon - H2O Governance Token","PSDN",""
"0xd1078155fd32e62f63a339b0d341e7b75c4969f4f1f779aca69c2f441ebe49f2","14830950","1653327982","2022-05-23 17:46:22","0x2ae08f2cbb9a9e2d4609c487ecb1b6308718d5e8","0x201c59f0e15ccc48cab012525f16be7a91a91b53","32.027230844652644342","N/A","0xa5b947687163fe88c3e6af5b17ae69896f4abccf","Poseidon - H2O Governance Token","PSDN",""
"0xc73ab21d6de3b676ee3535594e99c203d55f7b24c0c9280c238cb8592f90ba08","14832171","1653345109","2022-05-23 22:31:49","0x0eaee7557fb9f7bcec342baffd628a6bd2cd3bc7","0x2ae08f2cbb9a9e2d4609c487ecb1b6308718d5e8","0.316044206127076762","N/A","0x0ec4a47065bf52e1874d2491d4deeed3c638c75f","xPSDN-ETH1","xPSDN-ETH1",""
"0x6b6acc49369f40b2e5514e7ba0cd9432c60c53effe7117b0d8ad98172790fea5","14832472","1653349401","2022-05-23 23:43:21","0x2ae08f2cbb9a9e2d4609c487ecb1b6308718d5e8","0x6e1ad8e91b9b7b677c2a81fa31b6faaa657424fb","87.811144099729404318","N/A","0xa5b947687163fe88c3e6af5b17ae69896f4abccf","Poseidon - H2O Governance Token","PSDN",""
"0xc09af4a649b8e12f4f7d063c2d03517f2c7cf49a3bbb6eecafd65ae5235ca692","14832555","1653350290","2022-05-23 23:58:10","0x6e1ad8e91b9b7b677c2a81fa31b6faaa657424fb","0x2ae08f2cbb9a9e2d4609c487ecb1b6308718d5e8","1.375604507745575611","N/A","0x0ec4a47065bf52e1874d2491d4deeed3c638c75f","xPSDN-ETH1","xPSDN-ETH1",""
"0xe84f3fce29c660a49577740ee09b9beb1d5da83ba79cb73788e79fb4688547da","14835777","1653395392","2022-05-24 12:29:52","0x2ae08f2cbb9a9e2d4609c487ecb1b6308718d5e8","0x98bed949d4e5607a753185cfb7153b53e0c3c80a","91.487167055790101979","N/A","0xa5b947687163fe88c3e6af5b17ae69896f4abccf","Poseidon - H2O Governance Token","PSDN",""
"0x8a904de1fc8e4297de500d7be1901ff69c1bd6448d7352d496b3491eae30847a","14836014","1653398819","2022-05-24 13:26:59","0x98bed949d4e5607a753185cfb7153b53e0c3c80a","0x2ae08f2cbb9a9e2d4609c487ecb1b6308718d5e8","1.426198228282149004","N/A","0x0ec4a47065bf52e1874d2491d4deeed3c638c75f","xPSDN-ETH1","xPSDN-ETH1",""
"0xa9cf0cd9c5caeedac796c06098595b53aa5225f439df2f150e37ba77c5eaee66","14851667","1653619877","2022-05-27 02:51:17","0x2ae08f2cbb9a9e2d4609c487ecb1b6308718d5e8","0x8a7494079050d49a31141ea726cf194d7817efc0","0.503150942788874631","N/A","0x0ec4a47065bf52e1874d2491d4deeed3c638c75f","xPSDN-ETH1","xPSDN-ETH1",""
"0xa9cf0cd9c5caeedac796c06098595b53aa5225f439df2f150e37ba77c5eaee66","14851667","1653619877","2022-05-27 02:51:17","0x2ae08f2cbb9a9e2d4609c487ecb1b6308718d5e8","0x8a7494079050d49a31141ea726cf194d7817efc0","1.487187516481459256","N/A","0xa5b947687163fe88c3e6af5b17ae69896f4abccf","Poseidon - H2O Governance Token","PSDN",""
"0x1a8ee07126b5c68ecd5ad9e1389916615ea36f8873a6933d4a7406ca43c14e38","14857349","1653699938","2022-05-28 01:05:38","0x2ae08f2cbb9a9e2d4609c487ecb1b6308718d5e8","0xb81a01f609c78c35b95ed5b1c3fd843fc73bdb6f","6.37254762919594418","N/A","0xa5b947687163fe88c3e6af5b17ae69896f4abccf","Poseidon - H2O Governance Token","PSDN",""
"0x9b89367f5e88b22d55af2584efab39893ca68c043ffa19e38dad8c8822c3d7b2","14863278","1653782458","2022-05-29 00:00:58","0xedd77d21145fa99ae03689f7341e42750f9cf33c","0x2ae08f2cbb9a9e2d4609c487ecb1b6308718d5e8","360.5","N/A","0xa5b947687163fe88c3e6af5b17ae69896f4abccf","Poseidon - H2O Governance Token","PSDN",""
"0x22f849c53eecbd962449e31eed4b55dbf3dff8ad0ce8d72f8168eded5eec717f","14865942","1653819939","2022-05-29 10:25:39","0x2ae08f2cbb9a9e2d4609c487ecb1b6308718d5e8","0xd531b6a5ab7db8b5091876d8c26836e53e0d3cd5","11.334039472279883149","N/A","0xa5b947687163fe88c3e6af5b17ae69896f4abccf","Poseidon - H2O Governance Token","PSDN",""
"0x26e70487981e3b32a95792320012c868931b2dd89fd3fbd6e0db01db2733ff1d","14865970","1653820402","2022-05-29 10:33:22","0xd531b6a5ab7db8b5091876d8c26836e53e0d3cd5","0x2ae08f2cbb9a9e2d4609c487ecb1b6308718d5e8","0.159667819297060937","N/A","0x0ec4a47065bf52e1874d2491d4deeed3c638c75f","xPSDN-ETH1","xPSDN-ETH1",""
"0x01e1da6cfe32e26c2ccd279266f676b9d5c657bd1a2af14afff91c05c384b87a","14867807","1653846159","2022-05-29 17:42:39","0x2ae08f2cbb9a9e2d4609c487ecb1b6308718d5e8","0xe0dc24a3d7478eb840dc63baa20fcb06cdb123be","6.945673062586818808","N/A","0xa5b947687163fe88c3e6af5b17ae69896f4abccf","Poseidon - H2O Governance Token","PSDN",""
"0xf679df0d9d40d59c59e4281fa1c2488395047a0608d6d47f353ebd5c2aba6991","14870952","1653890516","2022-05-30 06:01:56","0x2ae08f2cbb9a9e2d4609c487ecb1b6308718d5e8","0x98bed949d4e5607a753185cfb7153b53e0c3c80a","82.850338285425086708","N/A","0xa5b947687163fe88c3e6af5b17ae69896f4abccf","Poseidon - H2O Governance Token","PSDN",""
"0xe49e9478f6240c49828760df3db1aba6ca600a41e52b0f98795fc2e5c4e2f244","14871070","1653892113","2022-05-30 06:28:33","0x98bed949d4e5607a753185cfb7153b53e0c3c80a","0x2ae08f2cbb9a9e2d4609c487ecb1b6308718d5e8","14.975532348880370369","N/A","0x0ec4a47065bf52e1874d2491d4deeed3c638c75f","xPSDN-ETH1","xPSDN-ETH1",""
"0x1ac1fc8cd1682dce6ecbc637fd669d64157c7b6d89478b169aafef285e7ef524","14871128","1653893048","2022-05-30 06:44:08","0x2ae08f2cbb9a9e2d4609c487ecb1b6308718d5e8","0x201c59f0e15ccc48cab012525f16be7a91a91b53","19.015424972179017553","N/A","0xa5b947687163fe88c3e6af5b17ae69896f4abccf","Poseidon - H2O Governance Token","PSDN",""
"0x767665628b20cc4f6968f0e0b1185aaa0f921ddb1345dfc3f2e9df204dabdfd1","14871990","1653905618","2022-05-30 10:13:38","0x98bed949d4e5607a753185cfb7153b53e0c3c80a","0x2ae08f2cbb9a9e2d4609c487ecb1b6308718d5e8","9.475208277083319662","N/A","0x0ec4a47065bf52e1874d2491d4deeed3c638c75f","xPSDN-ETH1","xPSDN-ETH1",""
"0x9b0a8f4f2dc1ea392279d99bc979ebec83281c629655fc40d6de7a2c1c2ee03f","14878097","1653991484","2022-05-31 10:04:44","0x2ae08f2cbb9a9e2d4609c487ecb1b6308718d5e8","0xd531b6a5ab7db8b5091876d8c26836e53e0d3cd5","1.893783950148485885","N/A","0x0ec4a47065bf52e1874d2491d4deeed3c638c75f","xPSDN-ETH1","xPSDN-ETH1",""
"0x9b0a8f4f2dc1ea392279d99bc979ebec83281c629655fc40d6de7a2c1c2ee03f","14878097","1653991484","2022-05-31 10:04:44","0x2ae08f2cbb9a9e2d4609c487ecb1b6308718d5e8","0xd531b6a5ab7db8b5091876d8c26836e53e0d3cd5","2.571945726769608147","N/A","0xa5b947687163fe88c3e6af5b17ae69896f4abccf","Poseidon - H2O Governance Token","PSDN",""
"0xb5659746c810ef20da8a7266a1fef0be7086c320f6053947d7d64fe1b109bce4","14882300","1654049979","2022-06-01 02:19:39","0x2ae08f2cbb9a9e2d4609c487ecb1b6308718d5e8","0x6e1ad8e91b9b7b677c2a81fa31b6faaa657424fb","90.045035241573582886","N/A","0xa5b947687163fe88c3e6af5b17ae69896f4abccf","Poseidon - H2O Governance Token","PSDN",""
"0x89c6a90f90f9225caa02cdc11a4e534f5f0bf454ef7371149f519c09be0dc32e","14882394","1654051166","2022-06-01 02:39:26","0x6e1ad8e91b9b7b677c2a81fa31b6faaa657424fb","0x2ae08f2cbb9a9e2d4609c487ecb1b6308718d5e8","1.322294610893533628","N/A","0x0ec4a47065bf52e1874d2491d4deeed3c638c75f","xPSDN-ETH1","xPSDN-ETH1",""
"0xc6114510510aa213206f972bd89bd9a5b573f7a9c91d56cbb9d5dded1e915b11","14895777","1654240661","2022-06-03 07:17:41","0xedd77d21145fa99ae03689f7341e42750f9cf33c","0x2ae08f2cbb9a9e2d4609c487ecb1b6308718d5e8","360.5","N/A","0xa5b947687163fe88c3e6af5b17ae69896f4abccf","Poseidon - H2O Governance Token","PSDN",""
"0xa532338799fa26b255c2ff0ba751b1f61a40db2a08aad7dee650740b4d6d6715","14905433","1654379006","2022-06-04 21:43:26","0x2ae08f2cbb9a9e2d4609c487ecb1b6308718d5e8","0x201c59f0e15ccc48cab012525f16be7a91a91b53","16.878344524461000156","N/A","0xa5b947687163fe88c3e6af5b17ae69896f4abccf","Poseidon - H2O Governance Token","PSDN",""
"0x3ac1dd411de783a764707c2d3872f221f102e4a817ecf3185befb267d6e19211","14907096","1654403737","2022-06-05 04:35:37","0x2ae08f2cbb9a9e2d4609c487ecb1b6308718d5e8","0xe0dc24a3d7478eb840dc63baa20fcb06cdb123be","6.006111336897703446","N/A","0xa5b947687163fe88c3e6af5b17ae69896f4abccf","Poseidon - H2O Governance Token","PSDN",""
"0x784ed059f1d189b571b08a138a013612edf8f67afa89410f15ab1498dabe1e20","14913113","1654491522","2022-06-06 04:58:42","0x2ae08f2cbb9a9e2d4609c487ecb1b6308718d5e8","0x201c59f0e15ccc48cab012525f16be7a91a91b53","4.712521871867172686","N/A","0x0ec4a47065bf52e1874d2491d4deeed3c638c75f","xPSDN-ETH1","xPSDN-ETH1",""
"0x784ed059f1d189b571b08a138a013612edf8f67afa89410f15ab1498dabe1e20","14913113","1654491522","2022-06-06 04:58:42","0x2ae08f2cbb9a9e2d4609c487ecb1b6308718d5e8","0x201c59f0e15ccc48cab012525f16be7a91a91b53","4.613304576128371984","N/A","0xa5b947687163fe88c3e6af5b17ae69896f4abccf","Poseidon - H2O Governance Token","PSDN",""
"0x3c5fde89a02c29c6380637f634753a28ed29cca33c55774e67950bdf9d922f64","14919502","1654585987","2022-06-07 07:13:07","0x2ae08f2cbb9a9e2d4609c487ecb1b6308718d5e8","0x98bed949d4e5607a753185cfb7153b53e0c3c80a","266.21622170214308935","N/A","0xa5b947687163fe88c3e6af5b17ae69896f4abccf","Poseidon - H2O Governance Token","PSDN",""
"0xba74dea2b85a1c32409a5204298f01eb929da7f502fe4c0b8b4225407db3c523","14919549","1654586604","2022-06-07 07:23:24","0x98bed949d4e5607a753185cfb7153b53e0c3c80a","0x2ae08f2cbb9a9e2d4609c487ecb1b6308718d5e8","3.693611258019188139","N/A","0x0ec4a47065bf52e1874d2491d4deeed3c638c75f","xPSDN-ETH1","xPSDN-ETH1",""
"0x153fe0bceec5046afaad319cbfcad2811a1e30bf23da14add48f3ec9b8db8760","14932943","1654782736","2022-06-09 13:52:16","0x5345ff51850ca1c4fbb499599624b6e6096fb92f","0x2ae08f2cbb9a9e2d4609c487ecb1b6308718d5e8","0.505774416222904987","N/A","0x0ec4a47065bf52e1874d2491d4deeed3c638c75f","xPSDN-ETH1","xPSDN-ETH1",""
"0xce13cb9bacae1bd869011c6d36cbbbc2d63a05841a39a8ead95bcb700e834330","14936109","1654829650","2022-06-10 02:54:10","0x5345ff51850ca1c4fbb499599624b6e6096fb92f","0x2ae08f2cbb9a9e2d4609c487ecb1b6308718d5e8","3.821983994544347512","N/A","0x0ec4a47065bf52e1874d2491d4deeed3c638c75f","xPSDN-ETH1","xPSDN-ETH1",""
"0xe332c2af3e461a2c5765e2678900e5ed3c80c734508fc80129abfdddeeccad6b","14936937","1654841873","2022-06-10 06:17:53","0x2ae08f2cbb9a9e2d4609c487ecb1b6308718d5e8","0x6e1ad8e91b9b7b677c2a81fa31b6faaa657424fb","129.7588125797690234","N/A","0xa5b947687163fe88c3e6af5b17ae69896f4abccf","Poseidon - H2O Governance Token","PSDN",""
"0x79c96dd4d7710dbbec4ece3d22c29ec0d42b0d7aa10521755fc72e84b42ebf78","14939193","1654874938","2022-06-10 15:28:58","0xedd77d21145fa99ae03689f7341e42750f9cf33c","0x2ae08f2cbb9a9e2d4609c487ecb1b6308718d5e8","360.5","N/A","0xa5b947687163fe88c3e6af5b17ae69896f4abccf","Poseidon - H2O Governance Token","PSDN",""
"0x0b61de70278188db505b118ca5688277919e687a90f8e74efbb46e684e9cc378","14942329","1654921802","2022-06-11 04:30:02","0x2ae08f2cbb9a9e2d4609c487ecb1b6308718d5e8","0xe0dc24a3d7478eb840dc63baa20fcb06cdb123be","5.979803388430052313","N/A","0xa5b947687163fe88c3e6af5b17ae69896f4abccf","Poseidon - H2O Governance Token","PSDN",""
"0x36762bc1ecbb1202a2c7154358fa68f9d5406f2581f7fc716142f1a838cf32e6","14943195","1654935024","2022-06-11 08:10:24","0x2ae08f2cbb9a9e2d4609c487ecb1b6308718d5e8","0x98bed949d4e5607a753185cfb7153b53e0c3c80a","140.870768820857931811","N/A","0xa5b947687163fe88c3e6af5b17ae69896f4abccf","Poseidon - H2O Governance Token","PSDN",""
"0x1ddf1f8c073635edfc1d8ead85c686f022a4fe45e874d8a0a7de9d145cdec8f5","14946354","1654980629","2022-06-11 20:50:29","0x2ae08f2cbb9a9e2d4609c487ecb1b6308718d5e8","0x0eaee7557fb9f7bcec342baffd628a6bd2cd3bc7","6.836076506821427088","N/A","0xa5b947687163fe88c3e6af5b17ae69896f4abccf","Poseidon - H2O Governance Token","PSDN",""
"0x6be8d563439221e7a74bd0fce4ddabc2675a754a23eb3e45cdcba5c7e7a4c0b3","14946682","1654985341","2022-06-11 22:09:01","0x1ed471691ce34fea59db241b2443d634b9927b8b","0x2ae08f2cbb9a9e2d4609c487ecb1b6308718d5e8","0.088410481897452263","N/A","0x0ec4a47065bf52e1874d2491d4deeed3c638c75f","xPSDN-ETH1","xPSDN-ETH1",""
"0x9ded228fb4db83228efeb534b3c01ae323d5bf56a3e18604105ee74164a72c36","14963248","1655232484","2022-06-14 18:48:04","0x139776871ee95f55d20b10d9ba5a0385451066cd","0x2ae08f2cbb9a9e2d4609c487ecb1b6308718d5e8","0.634147944290543743","N/A","0x0ec4a47065bf52e1874d2491d4deeed3c638c75f","xPSDN-ETH1","xPSDN-ETH1",""
"0x1c3a91109e9289c161a295c2c0afa84cddebeb3677f69f7e80aa7632a17d2c2c","14964954","1655257322","2022-06-15 01:42:02","0x2ae08f2cbb9a9e2d4609c487ecb1b6308718d5e8","0x5345ff51850ca1c4fbb499599624b6e6096fb92f","11.624026364066573929","N/A","0xa5b947687163fe88c3e6af5b17ae69896f4abccf","Poseidon - H2O Governance Token","PSDN",""
"0xa142d0152df0bc65f079ce7b6a2b2a2b59b365e2c47a598bed15a76f19daf745","14964981","1655257669","2022-06-15 01:47:49","0x5345ff51850ca1c4fbb499599624b6e6096fb92f","0x2ae08f2cbb9a9e2d4609c487ecb1b6308718d5e8","9.72700276875502854","N/A","0x0ec4a47065bf52e1874d2491d4deeed3c638c75f","xPSDN-ETH1","xPSDN-ETH1",""
"0x636f50696b22c589c70d726455c05ffaf5ea358f614d35c62fe293d441a22b66","14975317","1655411530","2022-06-16 20:32:10","0x2ae08f2cbb9a9e2d4609c487ecb1b6308718d5e8","0x98bed949d4e5607a753185cfb7153b53e0c3c80a","159.294528902073025211","N/A","0xa5b947687163fe88c3e6af5b17ae69896f4abccf","Poseidon - H2O Governance Token","PSDN",""
"0xca3fd313a3e34d72f5cb796a8410064dc860175231cbe780f9bc7acfa4710fcb","14979205","1655469587","2022-06-17 12:39:47","0xedd77d21145fa99ae03689f7341e42750f9cf33c","0x2ae08f2cbb9a9e2d4609c487ecb1b6308718d5e8","360.5","N/A","0xa5b947687163fe88c3e6af5b17ae69896f4abccf","Poseidon - H2O Governance Token","PSDN",""
"0x40aa7ae618d5adf5f1135e3bdbc9b0d1102653c0d69bf19cd5db1df4929f51da","14988907","1655613609","2022-06-19 04:40:09","0x2ae08f2cbb9a9e2d4609c487ecb1b6308718d5e8","0xe0dc24a3d7478eb840dc63baa20fcb06cdb123be","6.107652534287816296","N/A","0xa5b947687163fe88c3e6af5b17ae69896f4abccf","Poseidon - H2O Governance Token","PSDN",""
"0x7a0dac5bd67a5bb84973403f8c0f247d2e8840e92dc723edc84a06544f618e29","15007535","1655899430","2022-06-22 12:03:50","0x2ae08f2cbb9a9e2d4609c487ecb1b6308718d5e8","0x98bed949d4e5607a753185cfb7153b53e0c3c80a","153.319961550336052278","N/A","0xa5b947687163fe88c3e6af5b17ae69896f4abccf","Poseidon - H2O Governance Token","PSDN",""
"0xf382e6c83aaa1827994cfea66f513ca83fefb426835ab5ae298dd28d7826150e","15008368","1655913031","2022-06-22 15:50:31","0x2ae08f2cbb9a9e2d4609c487ecb1b6308718d5e8","0x5345ff51850ca1c4fbb499599624b6e6096fb92f","54.70228890035563591","N/A","0xa5b947687163fe88c3e6af5b17ae69896f4abccf","Poseidon - H2O Governance Token","PSDN",""
"0xd935147675fc40f52c394234f46447cfd54b83ee1ea1b0c13dadcb5711561a9f","15019049","1656085699","2022-06-24 15:48:19","0xedd77d21145fa99ae03689f7341e42750f9cf33c","0x2ae08f2cbb9a9e2d4609c487ecb1b6308718d5e8","360.5","N/A","0xa5b947687163fe88c3e6af5b17ae69896f4abccf","Poseidon - H2O Governance Token","PSDN",""
"0xdf1845977bde260527b29d2630dbdedcb6d4da308ce76379718115baa47fa790","15031068","1656280262","2022-06-26 21:51:02","0x2ae08f2cbb9a9e2d4609c487ecb1b6308718d5e8","0x0eaee7557fb9f7bcec342baffd628a6bd2cd3bc7","4.148041417732303806","N/A","0xa5b947687163fe88c3e6af5b17ae69896f4abccf","Poseidon - H2O Governance Token","PSDN",""
"0x668b33c746ab05fa8d530a0568db406a9f792fdce3f7276e9b7ec2400c31938c","15032871","1656309652","2022-06-27 06:00:52","0x2ae08f2cbb9a9e2d4609c487ecb1b6308718d5e8","0xe0dc24a3d7478eb840dc63baa20fcb06cdb123be","5.780143214291298879","N/A","0xa5b947687163fe88c3e6af5b17ae69896f4abccf","Poseidon - H2O Governance Token","PSDN",""
"0x45aa9feb36d64a39fa4529a53ebf59169a9c0d606939464bb5858b6f3156a73c","15034343","1656332611","2022-06-27 12:23:31","0x2ae08f2cbb9a9e2d4609c487ecb1b6308718d5e8","0x1d8b19d2049890641d80b9128d511feb0ae55247","3.940850729507048037","N/A","0xa5b947687163fe88c3e6af5b17ae69896f4abccf","Poseidon - H2O Governance Token","PSDN",""
"0xa88ee1395daad3a6e39daec85ea3d13f82d03fd57ab32373a48662bd29f9f19d","15035124","1656344974","2022-06-27 15:49:34","0x2ae08f2cbb9a9e2d4609c487ecb1b6308718d5e8","0x5345ff51850ca1c4fbb499599624b6e6096fb92f","14.054761179522281039","N/A","0x0ec4a47065bf52e1874d2491d4deeed3c638c75f","xPSDN-ETH1","xPSDN-ETH1",""
"0xa88ee1395daad3a6e39daec85ea3d13f82d03fd57ab32373a48662bd29f9f19d","15035124","1656344974","2022-06-27 15:49:34","0x2ae08f2cbb9a9e2d4609c487ecb1b6308718d5e8","0x5345ff51850ca1c4fbb499599624b6e6096fb92f","35.087626639199021676","N/A","0xa5b947687163fe88c3e6af5b17ae69896f4abccf","Poseidon - H2O Governance Token","PSDN",""
"0xf54fc3b5a15ac268e77278bc4ba9a2dbc56b8b6fec5c37d3fd5104ea8bd95d4d","15035931","1656358326","2022-06-27 19:32:06","0x2ae08f2cbb9a9e2d4609c487ecb1b6308718d5e8","0x6e1ad8e91b9b7b677c2a81fa31b6faaa657424fb","177.443032587250754934","N/A","0xa5b947687163fe88c3e6af5b17ae69896f4abccf","Poseidon - H2O Governance Token","PSDN",""
"0x73eeee20381c87b5965699fba64923c9a24e9386e1e5bd273cb027408ad04901","15036024","1656359633","2022-06-27 19:53:53","0x2ae08f2cbb9a9e2d4609c487ecb1b6308718d5e8","0x8b7a34b7417ad2c7c3ba99a1c69df2ec65299493","24.519281748806964948","N/A","0xa5b947687163fe88c3e6af5b17ae69896f4abccf","Poseidon - H2O Governance Token","PSDN",""
"0xe0c912b308a9a42b07beedbbbcb884473fe47718ad181fb5beca51b65174c62f","15036264","1656363543","2022-06-27 20:59:03","0x8b7a34b7417ad2c7c3ba99a1c69df2ec65299493","0x2ae08f2cbb9a9e2d4609c487ecb1b6308718d5e8","2.104428913558402392","N/A","0x0ec4a47065bf52e1874d2491d4deeed3c638c75f","xPSDN-ETH1","xPSDN-ETH1",""
"0x5563a31727491bcac6dbad019777308a3f3ac85238e36ef588072e4aa9f7f782","15038139","1656394173","2022-06-28 05:29:33","0x2ae08f2cbb9a9e2d4609c487ecb1b6308718d5e8","0xe0dc24a3d7478eb840dc63baa20fcb06cdb123be","1.418569954367433988","N/A","0x0ec4a47065bf52e1874d2491d4deeed3c638c75f","xPSDN-ETH1","xPSDN-ETH1",""
"0x5563a31727491bcac6dbad019777308a3f3ac85238e36ef588072e4aa9f7f782","15038139","1656394173","2022-06-28 05:29:33","0x2ae08f2cbb9a9e2d4609c487ecb1b6308718d5e8","0xe0dc24a3d7478eb840dc63baa20fcb06cdb123be","0.76443128023942612","N/A","0xa5b947687163fe88c3e6af5b17ae69896f4abccf","Poseidon - H2O Governance Token","PSDN",""
"0xac4bc1390af42213a80ec0c854c67703974c97e93981c06cfb160c39cf9a075a","15039223","1656412064","2022-06-28 10:27:44","0x2ae08f2cbb9a9e2d4609c487ecb1b6308718d5e8","0xd58dcd4594087c2758717a59f44a5ac09db65105","10.883412011178962994","N/A","0xa5b947687163fe88c3e6af5b17ae69896f4abccf","Poseidon - H2O Governance Token","PSDN",""
"0x37b979d1e0589bd7f1058a3db7179bc6e103fd3c670735a6246af9b6b941eca6","15040252","1656428691","2022-06-28 15:04:51","0x5345ff51850ca1c4fbb499599624b6e6096fb92f","0x2ae08f2cbb9a9e2d4609c487ecb1b6308718d5e8","14.78766404372284342","N/A","0x0ec4a47065bf52e1874d2491d4deeed3c638c75f","xPSDN-ETH1","xPSDN-ETH1",""
"0xb579044afa39d01e230bcc15e2189c7c1d67fa0cda80080941879fd9bfcd90ba","15041782","1656452964","2022-06-28 21:49:24","0x0eaee7557fb9f7bcec342baffd628a6bd2cd3bc7","0x2ae08f2cbb9a9e2d4609c487ecb1b6308718d5e8","0.64781096258004054","N/A","0x0ec4a47065bf52e1874d2491d4deeed3c638c75f","xPSDN-ETH1","xPSDN-ETH1",""
"0xde1fa7428d4c2cbd27d66c1ab00f99a6fe80d289473adfab0b603381b8406d66","15047790","1656550272","2022-06-30 00:51:12","0x2ae08f2cbb9a9e2d4609c487ecb1b6308718d5e8","0x139776871ee95f55d20b10d9ba5a0385451066cd","18.527520199503424255","N/A","0xa5b947687163fe88c3e6af5b17ae69896f4abccf","Poseidon - H2O Governance Token","PSDN",""
"0x8933b10d97ce51d837438403c9f4affc13e73dbaf17b502b9495696ac16e940d","15052843","1656627656","2022-06-30 22:20:56","0x139776871ee95f55d20b10d9ba5a0385451066cd","0x2ae08f2cbb9a9e2d4609c487ecb1b6308718d5e8","0.69928685055565932","N/A","0x0ec4a47065bf52e1874d2491d4deeed3c638c75f","xPSDN-ETH1","xPSDN-ETH1",""
"0x62b5b75fcccbdfdade9a311ef657819b5b391a9130e9fc0c807d296d68890876","15055548","1656664231","2022-07-01 08:30:31","0xedd77d21145fa99ae03689f7341e42750f9cf33c","0x2ae08f2cbb9a9e2d4609c487ecb1b6308718d5e8","360.5","N/A","0xa5b947687163fe88c3e6af5b17ae69896f4abccf","Poseidon - H2O Governance Token","PSDN",""
"0x8a3418379cbc4c595810f68ee08cfbdf2be9cd7a8e0cea1a3fc7068c2e61fecc","15068977","1656843356","2022-07-03 10:15:56","0x2ae08f2cbb9a9e2d4609c487ecb1b6308718d5e8","0x98bed949d4e5607a753185cfb7153b53e0c3c80a","294.000488966009108096","N/A","0xa5b947687163fe88c3e6af5b17ae69896f4abccf","Poseidon - H2O Governance Token","PSDN",""
"0xb4003eaa5c33132b39d64893e07f8f7e6f5f77bdae0e703f254170be36768bda","15072230","1656886630","2022-07-03 22:17:10","0x2ae08f2cbb9a9e2d4609c487ecb1b6308718d5e8","0x0eaee7557fb9f7bcec342baffd628a6bd2cd3bc7","3.575961722994282705","N/A","0xa5b947687163fe88c3e6af5b17ae69896f4abccf","Poseidon - H2O Governance Token","PSDN",""
"0xc7898d422b1ff4e74ad46379c200a90c67332aa240c140636c4de74f64739703","15078134","1656965410","2022-07-04 20:10:10","0x933b7dfefae9e2e8385054d1c9b1143d9aeeb069","0x2ae08f2cbb9a9e2d4609c487ecb1b6308718d5e8","16.764522970696686438","N/A","0x0ec4a47065bf52e1874d2491d4deeed3c638c75f","xPSDN-ETH1","xPSDN-ETH1",""
"0xcfe1b7c5e57249993333df7b3e8b1eca4daa4391f15ea62536ebefda6dbd713b","15092555","1657158273","2022-07-07 01:44:33","0x2ae08f2cbb9a9e2d4609c487ecb1b6308718d5e8","0x8b7a34b7417ad2c7c3ba99a1c69df2ec65299493","2.947506174847375252","N/A","0x0ec4a47065bf52e1874d2491d4deeed3c638c75f","xPSDN-ETH1","xPSDN-ETH1",""
"0xcfe1b7c5e57249993333df7b3e8b1eca4daa4391f15ea62536ebefda6dbd713b","15092555","1657158273","2022-07-07 01:44:33","0x2ae08f2cbb9a9e2d4609c487ecb1b6308718d5e8","0x8b7a34b7417ad2c7c3ba99a1c69df2ec65299493","13.549287163144729038","N/A","0xa5b947687163fe88c3e6af5b17ae69896f4abccf","Poseidon - H2O Governance Token","PSDN",""
"0x5f04456cbc0ea8c6addb14d67ecd648d2e2010fd14995f503c519d8eb13b4e92","15103346","1657302209","2022-07-08 17:43:29","0xedd77d21145fa99ae03689f7341e42750f9cf33c","0x2ae08f2cbb9a9e2d4609c487ecb1b6308718d5e8","360.5","N/A","0xa5b947687163fe88c3e6af5b17ae69896f4abccf","Poseidon - H2O Governance Token","PSDN",""
"0x49b40f0b713d72b793a99f83fc77f3666fc1072486d313b6b191e506cfff2315","15105097","1657325113","2022-07-09 00:05:13","0x2ae08f2cbb9a9e2d4609c487ecb1b6308718d5e8","0xb81a01f609c78c35b95ed5b1c3fd843fc73bdb6f","12.990415071269896655","N/A","0xa5b947687163fe88c3e6af5b17ae69896f4abccf","Poseidon - H2O Governance Token","PSDN",""
"0x3174f0fe43e82974762d28a17e7e46719c0e8d7aee009562c464c3187f04b764","15120335","1657529045","2022-07-11 08:44:05","0x2ae08f2cbb9a9e2d4609c487ecb1b6308718d5e8","0x0eaee7557fb9f7bcec342baffd628a6bd2cd3bc7","3.762515797429062954","N/A","0xa5b947687163fe88c3e6af5b17ae69896f4abccf","Poseidon - H2O Governance Token","PSDN",""
"0xc72b220f47b97bd9d35e6359ee0f409f932f013a29800d4c1dc3fcbe1967069a","15130943","1657669911","2022-07-12 23:51:51","0x2ae08f2cbb9a9e2d4609c487ecb1b6308718d5e8","0x5345ff51850ca1c4fbb499599624b6e6096fb92f","97.48943213470521459","N/A","0xa5b947687163fe88c3e6af5b17ae69896f4abccf","Poseidon - H2O Governance Token","PSDN",""
"0xf81df544837222ecf4d7415f3d14f8e8b0f24913f8b5c4e77ee5e170660963f7","15146725","1657881081","2022-07-15 10:31:21","0xedd77d21145fa99ae03689f7341e42750f9cf33c","0x2ae08f2cbb9a9e2d4609c487ecb1b6308718d5e8","360.5","N/A","0xa5b947687163fe88c3e6af5b17ae69896f4abccf","Poseidon - H2O Governance Token","PSDN",""
"0x847300db27a7a258f0720844f4060d2dccbd9a4bd6f016bf40952a4723ad42a2","15148265","1657901259","2022-07-15 16:07:39","0x2ae08f2cbb9a9e2d4609c487ecb1b6308718d5e8","0x5345ff51850ca1c4fbb499599624b6e6096fb92f","14.78766404372284342","N/A","0x0ec4a47065bf52e1874d2491d4deeed3c638c75f","xPSDN-ETH1","xPSDN-ETH1",""
"0x847300db27a7a258f0720844f4060d2dccbd9a4bd6f016bf40952a4723ad42a2","15148265","1657901259","2022-07-15 16:07:39","0x2ae08f2cbb9a9e2d4609c487ecb1b6308718d5e8","0x5345ff51850ca1c4fbb499599624b6e6096fb92f","17.303236175017677051","N/A","0xa5b947687163fe88c3e6af5b17ae69896f4abccf","Poseidon - H2O Governance Token","PSDN",""
"0x917824328c67ab98825d2d856fc022d2443c00eaa75d0fd4d3b4b1636cb7595d","15156612","1658013231","2022-07-16 23:13:51","0x2ae08f2cbb9a9e2d4609c487ecb1b6308718d5e8","0x98bed949d4e5607a753185cfb7153b53e0c3c80a","316.366366040295737912","N/A","0xa5b947687163fe88c3e6af5b17ae69896f4abccf","Poseidon - H2O Governance Token","PSDN",""
"0xb2ed3f7e9b99a46e298cb5dc35df11ad1a10f3e8ead4ca0080dfba442913d1f9","15186603","1658415924","2022-07-21 15:05:24","0x1d8b19d2049890641d80b9128d511feb0ae55247","0x2ae08f2cbb9a9e2d4609c487ecb1b6308718d5e8","0.783107224271546161","N/A","0x0ec4a47065bf52e1874d2491d4deeed3c638c75f","xPSDN-ETH1","xPSDN-ETH1",""
"0x117ef45d079dc8ac40064e25d410440394cdadd1ccb4e3c452f781d82a55ed1f","15188677","1658442618","2022-07-21 22:30:18","0x2ae08f2cbb9a9e2d4609c487ecb1b6308718d5e8","0x0eaee7557fb9f7bcec342baffd628a6bd2cd3bc7","5.976529464443724279","N/A","0xa5b947687163fe88c3e6af5b17ae69896f4abccf","Poseidon - H2O Governance Token","PSDN",""
"0x1f539169f9aa4a0afc86adc8ce9e89f062abe6f4a679acaf44e84c3a757b35e4","15192608","1658496217","2022-07-22 13:23:37","0xedd77d21145fa99ae03689f7341e42750f9cf33c","0x2ae08f2cbb9a9e2d4609c487ecb1b6308718d5e8","360.5","N/A","0xa5b947687163fe88c3e6af5b17ae69896f4abccf","Poseidon - H2O Governance Token","PSDN",""
"0x56325d97410621094b44d74262c0518d9b51fc0bb08ea0029643ccbde6102c20","15194889","1658525248","2022-07-22 21:27:28","0x2ae08f2cbb9a9e2d4609c487ecb1b6308718d5e8","0x139776871ee95f55d20b10d9ba5a0385451066cd","19.536418137062356063","N/A","0xa5b947687163fe88c3e6af5b17ae69896f4abccf","Poseidon - H2O Governance Token","PSDN",""
"0x6f86a35dd8a361594aa964eba45fd65f19711967266cb7e94042a6637d71d2e1","15194919","1658525585","2022-07-22 21:33:05","0x139776871ee95f55d20b10d9ba5a0385451066cd","0x2ae08f2cbb9a9e2d4609c487ecb1b6308718d5e8","0.390580418584439461","N/A","0x0ec4a47065bf52e1874d2491d4deeed3c638c75f","xPSDN-ETH1","xPSDN-ETH1",""
"0xf61c11ec4d57bbb750ed242b3c9badeff9b6e5c834e25f497aaf8094917bd757","15207996","1658701601","2022-07-24 22:26:41","0x2ae08f2cbb9a9e2d4609c487ecb1b6308718d5e8","0x98bed949d4e5607a753185cfb7153b53e0c3c80a","212.427495456780827653","N/A","0xa5b947687163fe88c3e6af5b17ae69896f4abccf","Poseidon - H2O Governance Token","PSDN",""
"0x59c7aa9ec1e0fa6287a6b488545e63196f8524090d5c0d6b23584d7d8791fa4c","15208032","1658702093","2022-07-24 22:34:53","0x98bed949d4e5607a753185cfb7153b53e0c3c80a","0x2ae08f2cbb9a9e2d4609c487ecb1b6308718d5e8","1.920248267691091449","N/A","0x0ec4a47065bf52e1874d2491d4deeed3c638c75f","xPSDN-ETH1","xPSDN-ETH1",""
"0x4fbd3a4c924342650f30ac49d4a92416f2d0d41b486afdb00e6ca46ee3d10c5c","15235739","1659075662","2022-07-29 06:21:02","0x2ae08f2cbb9a9e2d4609c487ecb1b6308718d5e8","0x0eaee7557fb9f7bcec342baffd628a6bd2cd3bc7","4.248351318741612952","N/A","0xa5b947687163fe88c3e6af5b17ae69896f4abccf","Poseidon - H2O Governance Token","PSDN",""
"0x0a7324585929b3d2d7af26ae8c4ebf745bf659e68f15434c9185a0633d1d96b5","15236463","1659085863","2022-07-29 09:11:03","0xedd77d21145fa99ae03689f7341e42750f9cf33c","0x2ae08f2cbb9a9e2d4609c487ecb1b6308718d5e8","360.5","N/A","0xa5b947687163fe88c3e6af5b17ae69896f4abccf","Poseidon - H2O Governance Token","PSDN",""
"0xea7adef1be59fb3f9a58bfbf580569c93beccc48073da3e9fac793e790a35aea","15244576","1659194575","2022-07-30 15:22:55","0x2ae08f2cbb9a9e2d4609c487ecb1b6308718d5e8","0x98bed949d4e5607a753185cfb7153b53e0c3c80a","152.838269193002526331","N/A","0xa5b947687163fe88c3e6af5b17ae69896f4abccf","Poseidon - H2O Governance Token","PSDN",""
"0x12976ea59a4967ef8d27a3ff2f34d1851fd0b4bbe209d3c5e6403f41050b2e88","15244622","1659195153","2022-07-30 15:32:33","0x98bed949d4e5607a753185cfb7153b53e0c3c80a","0x2ae08f2cbb9a9e2d4609c487ecb1b6308718d5e8","1.248568136904146692","N/A","0x0ec4a47065bf52e1874d2491d4deeed3c638c75f","xPSDN-ETH1","xPSDN-ETH1",""
"0xff7b9709ef5d171848319a72c3b26395d1aed447cb054f6d46423e04a8238cec","15267974","1659509129","2022-08-03 06:45:29","0x2ae08f2cbb9a9e2d4609c487ecb1b6308718d5e8","0x0eaee7557fb9f7bcec342baffd628a6bd2cd3bc7","2.913509059729828903","N/A","0xa5b947687163fe88c3e6af5b17ae69896f4abccf","Poseidon - H2O Governance Token","PSDN",""
"0xb8e830e55c20775a74e54b1fa4fa9ff084b48ce8eadcd5ad57f814746545d2e5","15271614","1659558788","2022-08-03 20:33:08","0x0eaee7557fb9f7bcec342baffd628a6bd2cd3bc7","0x2ae08f2cbb9a9e2d4609c487ecb1b6308718d5e8","1.42720448582155134","N/A","0x0ec4a47065bf52e1874d2491d4deeed3c638c75f","xPSDN-ETH1","xPSDN-ETH1",""
"0xa96e806758a2b0140dcce9f98c7be01edae4672728c00a1d413f7e1fd22289e0","15283477","1659717827","2022-08-05 16:43:47","0xedd77d21145fa99ae03689f7341e42750f9cf33c","0x2ae08f2cbb9a9e2d4609c487ecb1b6308718d5e8","360.5","N/A","0xa5b947687163fe88c3e6af5b17ae69896f4abccf","Poseidon - H2O Governance Token","PSDN",""
"0x54c21315e941e1feaed5d4277b54dfa1935294d7e1a82e0844c968cf85461094","15289890","1659804707","2022-08-06 16:51:47","0x2ae08f2cbb9a9e2d4609c487ecb1b6308718d5e8","0x933b7dfefae9e2e8385054d1c9b1143d9aeeb069","257.71367300280215314","N/A","0xa5b947687163fe88c3e6af5b17ae69896f4abccf","Poseidon - H2O Governance Token","PSDN",""
"0xf50d2d50d1c5f1c59a1c39cc8e4135e956e945c853add6bc6f276f3c1c39ea58","15289915","1659805019","2022-08-06 16:56:59","0x933b7dfefae9e2e8385054d1c9b1143d9aeeb069","0x2ae08f2cbb9a9e2d4609c487ecb1b6308718d5e8","4.664502209918382802","N/A","0x0ec4a47065bf52e1874d2491d4deeed3c638c75f","xPSDN-ETH1","xPSDN-ETH1",""
"0x8242373faeaca97f23d15f0ae0fff3d2732fbfc5ebb5714256d56c8ae1b0bb34","15291535","1659826284","2022-08-06 22:51:24","0x2ae08f2cbb9a9e2d4609c487ecb1b6308718d5e8","0x139776871ee95f55d20b10d9ba5a0385451066cd","16.147695419323451843","N/A","0xa5b947687163fe88c3e6af5b17ae69896f4abccf","Poseidon - H2O Governance Token","PSDN",""
"0x77a695ef3ac1162660b52a3bbdebce0563e4ecf3d0805b69d37f178ac06712ab","15291554","1659826540","2022-08-06 22:55:40","0x139776871ee95f55d20b10d9ba5a0385451066cd","0x2ae08f2cbb9a9e2d4609c487ecb1b6308718d5e8","0.580569336996226035","N/A","0x0ec4a47065bf52e1874d2491d4deeed3c638c75f","xPSDN-ETH1","xPSDN-ETH1",""
"0xc50a9524040f8b2ea0577d78939c75b33bd08c3b736e54ce7ccd221ffd0931c2","15297238","1659902571","2022-08-07 20:02:51","0x2ae08f2cbb9a9e2d4609c487ecb1b6308718d5e8","0x98bed949d4e5607a753185cfb7153b53e0c3c80a","212.563193995660255162","N/A","0xa5b947687163fe88c3e6af5b17ae69896f4abccf","Poseidon - H2O Governance Token","PSDN",""
"0x97a3dec8bf724904e291edbefb942f44b4538279e14d031ddcc2c3991f9f465f","15297270","1659902957","2022-08-07 20:09:17","0x98bed949d4e5607a753185cfb7153b53e0c3c80a","0x2ae08f2cbb9a9e2d4609c487ecb1b6308718d5e8","1.755857093237300532","N/A","0x0ec4a47065bf52e1874d2491d4deeed3c638c75f","xPSDN-ETH1","xPSDN-ETH1",""
"0x627d12a0f5a9f1ef37bc42a4c6e4d183a1d50155a2608c9cc530ae669a855802","15312725","1660112332","2022-08-10 06:18:52","0x2ae08f2cbb9a9e2d4609c487ecb1b6308718d5e8","0x0eaee7557fb9f7bcec342baffd628a6bd2cd3bc7","2.605360410216200913","N/A","0x0ec4a47065bf52e1874d2491d4deeed3c638c75f","xPSDN-ETH1","xPSDN-ETH1",""
"0x627d12a0f5a9f1ef37bc42a4c6e4d183a1d50155a2608c9cc530ae669a855802","15312725","1660112332","2022-08-10 06:18:52","0x2ae08f2cbb9a9e2d4609c487ecb1b6308718d5e8","0x0eaee7557fb9f7bcec342baffd628a6bd2cd3bc7","7.644536988957481709","N/A","0xa5b947687163fe88c3e6af5b17ae69896f4abccf","Poseidon - H2O Governance Token","PSDN",""
"0x374ea9c36653c5fa7aa50a864d4f2cb4ea1bdc48241dac3991b862e6c5096c95","15312887","1660114470","2022-08-10 06:54:30","0x0eaee7557fb9f7bcec342baffd628a6bd2cd3bc7","0x2ae08f2cbb9a9e2d4609c487ecb1b6308718d5e8","2.605360410216200913","N/A","0x0ec4a47065bf52e1874d2491d4deeed3c638c75f","xPSDN-ETH1","xPSDN-ETH1",""
"0xda5b3f00c9603cb4bcca07daff0b00647a2f3e8817de44e55feebe3664d550cf","15318316","1660188066","2022-08-11 03:21:06","0x5345ff51850ca1c4fbb499599624b6e6096fb92f","0x2ae08f2cbb9a9e2d4609c487ecb1b6308718d5e8","3.995216849093123899","N/A","0x0ec4a47065bf52e1874d2491d4deeed3c638c75f","xPSDN-ETH1","xPSDN-ETH1",""
"0xd2af58407a4359216364d84d7e86c88b2d2dcbd53a84660b64494e07cc66a07e","15323660","1660261518","2022-08-11 23:45:18","0x2ae08f2cbb9a9e2d4609c487ecb1b6308718d5e8","0x0eaee7557fb9f7bcec342baffd628a6bd2cd3bc7","2.605360410216200913","N/A","0x0ec4a47065bf52e1874d2491d4deeed3c638c75f","xPSDN-ETH1","xPSDN-ETH1",""
"0xd2af58407a4359216364d84d7e86c88b2d2dcbd53a84660b64494e07cc66a07e","15323660","1660261518","2022-08-11 23:45:18","0x2ae08f2cbb9a9e2d4609c487ecb1b6308718d5e8","0x0eaee7557fb9f7bcec342baffd628a6bd2cd3bc7","1.937611522845239663","N/A","0xa5b947687163fe88c3e6af5b17ae69896f4abccf","Poseidon - H2O Governance Token","PSDN",""
"0x715e0c88a2dde3fad354b5e60d5668905675eb5e04fa6a927f875c7e9d7235f9","15323915","1660264869","2022-08-12 00:41:09","0x0eaee7557fb9f7bcec342baffd628a6bd2cd3bc7","0x2ae08f2cbb9a9e2d4609c487ecb1b6308718d5e8","2.605360410216200913","N/A","0x0ec4a47065bf52e1874d2491d4deeed3c638c75f","xPSDN-ETH1","xPSDN-ETH1",""
"0xd280bd09ff71cf8b48b93f60b0637b182790677cc3c9b2678a35667451d49b88","15325502","1660286716","2022-08-12 06:45:16","0x2ae08f2cbb9a9e2d4609c487ecb1b6308718d5e8","0x0eaee7557fb9f7bcec342baffd628a6bd2cd3bc7","2.605360410216200913","N/A","0x0ec4a47065bf52e1874d2491d4deeed3c638c75f","xPSDN-ETH1","xPSDN-ETH1",""
"0xd280bd09ff71cf8b48b93f60b0637b182790677cc3c9b2678a35667451d49b88","15325502","1660286716","2022-08-12 06:45:16","0x2ae08f2cbb9a9e2d4609c487ecb1b6308718d5e8","0x0eaee7557fb9f7bcec342baffd628a6bd2cd3bc7","0.282989482889419622","N/A","0xa5b947687163fe88c3e6af5b17ae69896f4abccf","Poseidon - H2O Governance Token","PSDN",""
"0x4dd15579b470db1c52291ea99e14649c028e71c1ada3ba52131a03796f933b16","15325538","1660287173","2022-08-12 06:52:53","0x0eaee7557fb9f7bcec342baffd628a6bd2cd3bc7","0x2ae08f2cbb9a9e2d4609c487ecb1b6308718d5e8","2.605360410216200913","N/A","0x0ec4a47065bf52e1874d2491d4deeed3c638c75f","xPSDN-ETH1","xPSDN-ETH1",""
"0xe2a2b2a9a9431b916ed1928a006ed5064ccf5fbb87db2824b114f387c02c536b","15329392","1660339636","2022-08-12 21:27:16","0xedd77d21145fa99ae03689f7341e42750f9cf33c","0x2ae08f2cbb9a9e2d4609c487ecb1b6308718d5e8","360.5","N/A","0xa5b947687163fe88c3e6af5b17ae69896f4abccf","Poseidon - H2O Governance Token","PSDN",""
"0xcc4937f3ddc6ae416206f5e40841357934ff978e616454473b8d0a515a6326c2","15360464","1660763245","2022-08-17 19:07:25","0x2ae08f2cbb9a9e2d4609c487ecb1b6308718d5e8","0x98bed949d4e5607a753185cfb7153b53e0c3c80a","244.880069918241083385","N/A","0xa5b947687163fe88c3e6af5b17ae69896f4abccf","Poseidon - H2O Governance Token","PSDN",""
"0x76e00c5457fc362451002fad4dd2b5f8a55939acb41bb87dfd8e79452de91396","15360543","1660764297","2022-08-17 19:24:57","0x98bed949d4e5607a753185cfb7153b53e0c3c80a","0x2ae08f2cbb9a9e2d4609c487ecb1b6308718d5e8","1.947367538934906937","N/A","0x0ec4a47065bf52e1874d2491d4deeed3c638c75f","xPSDN-ETH1","xPSDN-ETH1",""
"0x15b683e1fa04cdcac0abf60c6296ab2c805a0d087ae67624b06955f2ca78184f","15360866","1660768601","2022-08-17 20:36:41","0x2ae08f2cbb9a9e2d4609c487ecb1b6308718d5e8","0x5345ff51850ca1c4fbb499599624b6e6096fb92f","11.193750597542585017","N/A","0xa5b947687163fe88c3e6af5b17ae69896f4abccf","Poseidon - H2O Governance Token","PSDN",""
"0xc22c3485310e12c6f8ae19c0548cf30a5461da9547fc8d944155991b3ede5878","15369113","1660881424","2022-08-19 03:57:04","0x2ae08f2cbb9a9e2d4609c487ecb1b6308718d5e8","0x6e1ad8e91b9b7b677c2a81fa31b6faaa657424fb","478.959966470519522098","N/A","0xa5b947687163fe88c3e6af5b17ae69896f4abccf","Poseidon - H2O Governance Token","PSDN",""
"0xe362edbc4540e42a3de620364a6627ac0e03c9ee466b8b9f8b2468b61f98f3c8","15369140","1660881670","2022-08-19 04:01:10","0x6e1ad8e91b9b7b677c2a81fa31b6faaa657424fb","0x2ae08f2cbb9a9e2d4609c487ecb1b6308718d5e8","3.609215280158042165","N/A","0x0ec4a47065bf52e1874d2491d4deeed3c638c75f","xPSDN-ETH1","xPSDN-ETH1",""
"0xa9dc163bb801c71f5a46a0d073bb2137f47c6705b9843a3eb3076bcc32807e98","15369481","1660886188","2022-08-19 05:16:28","0x2ae08f2cbb9a9e2d4609c487ecb1b6308718d5e8","0x0eaee7557fb9f7bcec342baffd628a6bd2cd3bc7","7.511946109366706477","N/A","0xa5b947687163fe88c3e6af5b17ae69896f4abccf","Poseidon - H2O Governance Token","PSDN",""
"0x8b428ca277eeefae62044c125346730eb1c575852ffba444889d8fbc06004d8e","15371570","1660915873","2022-08-19 13:31:13","0xedd77d21145fa99ae03689f7341e42750f9cf33c","0x2ae08f2cbb9a9e2d4609c487ecb1b6308718d5e8","360.5","N/A","0xa5b947687163fe88c3e6af5b17ae69896f4abccf","Poseidon - H2O Governance Token","PSDN",""
"0x54903ff3b9974f50a688a0b9c1f66be9177dda6f4218889141b006772facbdd1","15380350","1661035880","2022-08-20 22:51:20","0x2ae08f2cbb9a9e2d4609c487ecb1b6308718d5e8","0x0eaee7557fb9f7bcec342baffd628a6bd2cd3bc7","1.922221276577152575","N/A","0xa5b947687163fe88c3e6af5b17ae69896f4abccf","Poseidon - H2O Governance Token","PSDN",""
"0x73057bef8d749b839833fe1bd7028ada8485e5810e90e5d29fa26f7f064dba9a","15415131","1661513948","2022-08-26 11:39:08","0xedd77d21145fa99ae03689f7341e42750f9cf33c","0x2ae08f2cbb9a9e2d4609c487ecb1b6308718d5e8","360.5","N/A","0xa5b947687163fe88c3e6af5b17ae69896f4abccf","Poseidon - H2O Governance Token","PSDN",""
"0x7ba59b27137a7cd0ad5d124affb10321844abb82b73009967593326b3dd1a417","15430021","1661720143","2022-08-28 20:55:43","0x2ae08f2cbb9a9e2d4609c487ecb1b6308718d5e8","0x98bed949d4e5607a753185cfb7153b53e0c3c80a","280.815485995508875236","N/A","0xa5b947687163fe88c3e6af5b17ae69896f4abccf","Poseidon - H2O Governance Token","PSDN",""
"0x8ea2af5c61d24a03a698e7bcccdfd3701906aa3f0222a8952044e197c6a6a7af","15433763","1661771646","2022-08-29 11:14:06","0x2ae08f2cbb9a9e2d4609c487ecb1b6308718d5e8","0x0eaee7557fb9f7bcec342baffd628a6bd2cd3bc7","9.423977853590568558","N/A","0xa5b947687163fe88c3e6af5b17ae69896f4abccf","Poseidon - H2O Governance Token","PSDN",""
"0x1d21e4948f768fdd5b3e725431bf71962610b371c1856eff1e83516678438401","15457872","1662103870","2022-09-02 07:31:10","0x2ae08f2cbb9a9e2d4609c487ecb1b6308718d5e8","0x0eaee7557fb9f7bcec342baffd628a6bd2cd3bc7","4.163156487603949097","N/A","0xa5b947687163fe88c3e6af5b17ae69896f4abccf","Poseidon - H2O Governance Token","PSDN",""
"0x72268fa6fc9c1c68d107b4d56dd0612429e5ebc86d9c54e468f8836091acd5aa","15460635","1662142130","2022-09-02 18:08:50","0xedd77d21145fa99ae03689f7341e42750f9cf33c","0x2ae08f2cbb9a9e2d4609c487ecb1b6308718d5e8","360.5","N/A","0xa5b947687163fe88c3e6af5b17ae69896f4abccf","Poseidon - H2O Governance Token","PSDN",""
"0x3c0d9a951b79b842402707b67b21d1577e3c3d0d728fd68f7f57d9620ea24539","15467350","1662235230","2022-09-03 20:00:30","0x2ae08f2cbb9a9e2d4609c487ecb1b6308718d5e8","0x98bed949d4e5607a753185cfb7153b53e0c3c80a","140.74307771686221988","N/A","0xa5b947687163fe88c3e6af5b17ae69896f4abccf","Poseidon - H2O Governance Token","PSDN",""
"0x50bc869559c1f788b77a79ea29fa9247d3f28f9bb3e59ca122e965bd77a8ca95","15473697","1662323170","2022-09-04 20:26:10","0x2ae08f2cbb9a9e2d4609c487ecb1b6308718d5e8","0x98bed949d4e5607a753185cfb7153b53e0c3c80a","24.923435321930095191","N/A","0xa5b947687163fe88c3e6af5b17ae69896f4abccf","Poseidon - H2O Governance Token","PSDN",""
"0x133656b6a37b75a7b28ba9e9d7c3d48dbe7c92f977edf345180d1ef6bd0c9a49","15479100","1662398689","2022-09-05 17:24:49","0x2ae08f2cbb9a9e2d4609c487ecb1b6308718d5e8","0x98bed949d4e5607a753185cfb7153b53e0c3c80a","59.6467309749981636","N/A","0x0ec4a47065bf52e1874d2491d4deeed3c638c75f","xPSDN-ETH1","xPSDN-ETH1",""
"0x133656b6a37b75a7b28ba9e9d7c3d48dbe7c92f977edf345180d1ef6bd0c9a49","15479100","1662398689","2022-09-05 17:24:49","0x2ae08f2cbb9a9e2d4609c487ecb1b6308718d5e8","0x98bed949d4e5607a753185cfb7153b53e0c3c80a","21.403148875106195761","N/A","0xa5b947687163fe88c3e6af5b17ae69896f4abccf","Poseidon - H2O Governance Token","PSDN",""
"0xa6ec2371e5d297da0bcdbac57a28f30dd7af2a221979c367f8d867c66a1bf8ea","15484685","1662475268","2022-09-06 14:41:08","0x2ae08f2cbb9a9e2d4609c487ecb1b6308718d5e8","0x5345ff51850ca1c4fbb499599624b6e6096fb92f","34.006751916330723874","N/A","0xa5b947687163fe88c3e6af5b17ae69896f4abccf","Poseidon - H2O Governance Token","PSDN",""
"0xb7314bd9695a4db67c37afdfc965140f90e1ba6a48688cf2ba3bde066e200e2d","15500492","1662694518","2022-09-09 03:35:18","0x2ae08f2cbb9a9e2d4609c487ecb1b6308718d5e8","0x933b7dfefae9e2e8385054d1c9b1143d9aeeb069","327.430598374324887687","N/A","0xa5b947687163fe88c3e6af5b17ae69896f4abccf","Poseidon - H2O Governance Token","PSDN",""
"0xe3ea578dd885836dea704101902dd6f54624a976441d06eb152177c3322e05a4","15500522","1662694958","2022-09-09 03:42:38","0x933b7dfefae9e2e8385054d1c9b1143d9aeeb069","0x2ae08f2cbb9a9e2d4609c487ecb1b6308718d5e8","4.545952821741280153","N/A","0x0ec4a47065bf52e1874d2491d4deeed3c638c75f","xPSDN-ETH1","xPSDN-ETH1",""
"0x5632ab1ceec62d852fd30354825b4ffc6c6ee585336d53c122b491e049d0b8b3","15504663","1662754085","2022-09-09 20:08:05","0xedd77d21145fa99ae03689f7341e42750f9cf33c","0x2ae08f2cbb9a9e2d4609c487ecb1b6308718d5e8","360.5","N/A","0xa5b947687163fe88c3e6af5b17ae69896f4abccf","Poseidon - H2O Governance Token","PSDN",""
"0x8aee79da20e060c03fb9fc3a688e5ec4f091f0ecd0f821e33e1a6b0e3a16dcb2","15532239","1663148485","2022-09-14 09:41:25","0x2ae08f2cbb9a9e2d4609c487ecb1b6308718d5e8","0x1ed471691ce34fea59db241b2443d634b9927b8b","0.088410481897452263","N/A","0x0ec4a47065bf52e1874d2491d4deeed3c638c75f","xPSDN-ETH1","xPSDN-ETH1",""
"0x8aee79da20e060c03fb9fc3a688e5ec4f091f0ecd0f821e33e1a6b0e3a16dcb2","15532239","1663148485","2022-09-14 09:41:25","0x2ae08f2cbb9a9e2d4609c487ecb1b6308718d5e8","0x1ed471691ce34fea59db241b2443d634b9927b8b","4.096419236675308957","N/A","0xa5b947687163fe88c3e6af5b17ae69896f4abccf","Poseidon - H2O Governance Token","PSDN",""
"0x464d15c77719733c3cd514341a91123a82a39d73401864562e1cdc5994b6d38d","15545831","1663327103","2022-09-16 11:18:23","0x2ae08f2cbb9a9e2d4609c487ecb1b6308718d5e8","0x0eaee7557fb9f7bcec342baffd628a6bd2cd3bc7","24.159955698879314192","N/A","0xa5b947687163fe88c3e6af5b17ae69896f4abccf","Poseidon - H2O Governance Token","PSDN",""
"0x684f104356be441c80d9b860bd82a74bd1ec601b8c93ed6e49161f6da9c774f2","15547620","1663348811","2022-09-16 17:20:11","0xedd77d21145fa99ae03689f7341e42750f9cf33c","0x2ae08f2cbb9a9e2d4609c487ecb1b6308718d5e8","360.5","N/A","0xa5b947687163fe88c3e6af5b17ae69896f4abccf","Poseidon - H2O Governance Token","PSDN",""
"0xe8f7f5d5400e8d0392812d7e8e2cf1a58fb2887fbbe615e36522eb845d074704","15588457","1663844567","2022-09-22 11:02:47","0x2ae08f2cbb9a9e2d4609c487ecb1b6308718d5e8","0xb81a01f609c78c35b95ed5b1c3fd843fc73bdb6f","22.020622803033603618","N/A","0xa5b947687163fe88c3e6af5b17ae69896f4abccf","Poseidon - H2O Governance Token","PSDN",""
"0x3f45a85ca1a5fe88ea10e82e7f93fa76e62611d1b54e600c5be55ffa35865b3b","15595959","1663935035","2022-09-23 12:10:35","0xedd77d21145fa99ae03689f7341e42750f9cf33c","0x2ae08f2cbb9a9e2d4609c487ecb1b6308718d5e8","360.5","N/A","0xa5b947687163fe88c3e6af5b17ae69896f4abccf","Poseidon - H2O Governance Token","PSDN",""
"0x34b1ee4bce384a05ba0c38ba6d8d6869274d873fa245395b791c0e1fe154f4f4","15644894","1664525747","2022-09-30 08:15:47","0xedd77d21145fa99ae03689f7341e42750f9cf33c","0x2ae08f2cbb9a9e2d4609c487ecb1b6308718d5e8","360.5","N/A","0xa5b947687163fe88c3e6af5b17ae69896f4abccf","Poseidon - H2O Governance Token","PSDN",""
"0x98e085ae5788ff171721658e2bfa7a978cb92bf55433c04ee9d1284579901a42","15663147","1664746043","2022-10-02 21:27:23","0x2ae08f2cbb9a9e2d4609c487ecb1b6308718d5e8","0x1d8b19d2049890641d80b9128d511feb0ae55247","37.327120031254518564","N/A","0xa5b947687163fe88c3e6af5b17ae69896f4abccf","Poseidon - H2O Governance Token","PSDN",""
"0xe7c87ca9444ed4a88e57b6bec4d5ed74cb51ce10b099cadb3cfc4300def84738","15676751","1664910419","2022-10-04 19:06:59","0x2ae08f2cbb9a9e2d4609c487ecb1b6308718d5e8","0x6e1ad8e91b9b7b677c2a81fa31b6faaa657424fb","675.332516265096415904","N/A","0xa5b947687163fe88c3e6af5b17ae69896f4abccf","Poseidon - H2O Governance Token","PSDN",""
"0x09bc6b89ded3cd7c42bb37e84f3892c0b6702ec23d9a49a207b6ab7b4a61154f","15676791","1664910911","2022-10-04 19:15:11","0x6e1ad8e91b9b7b677c2a81fa31b6faaa657424fb","0x2ae08f2cbb9a9e2d4609c487ecb1b6308718d5e8","31.948399769234932309","N/A","0x0ec4a47065bf52e1874d2491d4deeed3c638c75f","xPSDN-ETH1","xPSDN-ETH1",""
"0x16a35d4ca041bc843b992f0655bf031e241aaecd69c76bcd9308fcbd357e889b","15682639","1664981807","2022-10-05 14:56:47","0x2ae08f2cbb9a9e2d4609c487ecb1b6308718d5e8","0x5345ff51850ca1c4fbb499599624b6e6096fb92f","85.764295962461957768","N/A","0xa5b947687163fe88c3e6af5b17ae69896f4abccf","Poseidon - H2O Governance Token","PSDN",""
"0x7277470169408676b836c5a3c36ffaf42566e6d8b51840f162c14e150c6c1333","15683700","1664994611","2022-10-05 18:30:11","0x6e1ad8e91b9b7b677c2a81fa31b6faaa657424fb","0x2ae08f2cbb9a9e2d4609c487ecb1b6308718d5e8","37.795641093838919304","N/A","0x0ec4a47065bf52e1874d2491d4deeed3c638c75f","xPSDN-ETH1","xPSDN-ETH1",""
"0xcd91032370b2c0a6a449afe9297fb2184ad5d726d8c4440baa3edb4df8e6e41b","15690705","1665079175","2022-10-06 17:59:35","0x6e1ad8e91b9b7b677c2a81fa31b6faaa657424fb","0x2ae08f2cbb9a9e2d4609c487ecb1b6308718d5e8","15.525944475389028298","N/A","0x0ec4a47065bf52e1874d2491d4deeed3c638c75f","xPSDN-ETH1","xPSDN-ETH1",""
"0x96a2c35d81c7b5b3abcd96d987fbce2d369aa735989896af6cc4f9a85230555b","15698149","1665169175","2022-10-07 18:59:35","0xedd77d21145fa99ae03689f7341e42750f9cf33c","0x2ae08f2cbb9a9e2d4609c487ecb1b6308718d5e8","360.5","N/A","0xa5b947687163fe88c3e6af5b17ae69896f4abccf","Poseidon - H2O Governance Token","PSDN",""
"0x39d89378a28fde57e5c29350fd25d1b5dd33ff6c995633e72c06ffd54a63bd9e","15698688","1665175667","2022-10-07 20:47:47","0x2ae08f2cbb9a9e2d4609c487ecb1b6308718d5e8","0x0eaee7557fb9f7bcec342baffd628a6bd2cd3bc7","38.688919044018105945","N/A","0xa5b947687163fe88c3e6af5b17ae69896f4abccf","Poseidon - H2O Governance Token","PSDN",""
"0x1c6b4fc71db2f9670d771f952e3345e4fc135f4cca4dcfe0c2b8e3e03ef999eb","15700528","1665197831","2022-10-08 02:57:11","0x2ae08f2cbb9a9e2d4609c487ecb1b6308718d5e8","0x933b7dfefae9e2e8385054d1c9b1143d9aeeb069","525.646687708422665187","N/A","0xa5b947687163fe88c3e6af5b17ae69896f4abccf","Poseidon - H2O Governance Token","PSDN",""
"0x70497d556bccba64d0812a1440c8c3025c262677766dab8e1ecb0a3f410329c2","15700570","1665198335","2022-10-08 03:05:35","0x933b7dfefae9e2e8385054d1c9b1143d9aeeb069","0x2ae08f2cbb9a9e2d4609c487ecb1b6308718d5e8","7.110728981732816776","N/A","0x0ec4a47065bf52e1874d2491d4deeed3c638c75f","xPSDN-ETH1","xPSDN-ETH1",""
"0x5b7f0955aafd60935f68d763054dd829c7adf26bcaf2546f47cade2f05d061f8","15731769","1665574523","2022-10-12 11:35:23","0x2ae08f2cbb9a9e2d4609c487ecb1b6308718d5e8","0x0eaee7557fb9f7bcec342baffd628a6bd2cd3bc7","2.605360410216200913","N/A","0x0ec4a47065bf52e1874d2491d4deeed3c638c75f","xPSDN-ETH1","xPSDN-ETH1",""
"0x5b7f0955aafd60935f68d763054dd829c7adf26bcaf2546f47cade2f05d061f8","15731769","1665574523","2022-10-12 11:35:23","0x2ae08f2cbb9a9e2d4609c487ecb1b6308718d5e8","0x0eaee7557fb9f7bcec342baffd628a6bd2cd3bc7","3.818407068975646752","N/A","0xa5b947687163fe88c3e6af5b17ae69896f4abccf","Poseidon - H2O Governance Token","PSDN",""
"0x92b7779de9354456b2212deeb286d9f200054240096c46249e043d3af0adcef4","15731834","1665575315","2022-10-12 11:48:35","0x0eaee7557fb9f7bcec342baffd628a6bd2cd3bc7","0x2ae08f2cbb9a9e2d4609c487ecb1b6308718d5e8","2.605360410216200913","N/A","0x0ec4a47065bf52e1874d2491d4deeed3c638c75f","xPSDN-ETH1","xPSDN-ETH1",""
"0x4dc347b73418699ea7bbeccd35b173e1bf8556f0001ec1f9e69b95126a99e0a4","15769593","1666031051","2022-10-17 18:24:11","0xedd77d21145fa99ae03689f7341e42750f9cf33c","0x2ae08f2cbb9a9e2d4609c487ecb1b6308718d5e8","100","N/A","0xa5b947687163fe88c3e6af5b17ae69896f4abccf","Poseidon - H2O Governance Token","PSDN",""
"0x27d9684681e2116d9d0cf575e699ff2c8d1115189be4120045eaa50a6ef40956","15775338","1666100303","2022-10-18 13:38:23","0x2ae08f2cbb9a9e2d4609c487ecb1b6308718d5e8","0x933b7dfefae9e2e8385054d1c9b1143d9aeeb069","33.085706984089166169","N/A","0x0ec4a47065bf52e1874d2491d4deeed3c638c75f","xPSDN-ETH1","xPSDN-ETH1",""
"0x27d9684681e2116d9d0cf575e699ff2c8d1115189be4120045eaa50a6ef40956","15775338","1666100303","2022-10-18 13:38:23","0x2ae08f2cbb9a9e2d4609c487ecb1b6308718d5e8","0x933b7dfefae9e2e8385054d1c9b1143d9aeeb069","72.182272546612428576","N/A","0xa5b947687163fe88c3e6af5b17ae69896f4abccf","Poseidon - H2O Governance Token","PSDN",""
"0x82fe444bf710d55f67aa7fe9426c952c080668e3e41e12de035c0770cf83faa5","15776614","1666115675","2022-10-18 17:54:35","0x2ae08f2cbb9a9e2d4609c487ecb1b6308718d5e8","0x5345ff51850ca1c4fbb499599624b6e6096fb92f","3.995216849093123899","N/A","0x0ec4a47065bf52e1874d2491d4deeed3c638c75f","xPSDN-ETH1","xPSDN-ETH1",""
"0x82fe444bf710d55f67aa7fe9426c952c080668e3e41e12de035c0770cf83faa5","15776614","1666115675","2022-10-18 17:54:35","0x2ae08f2cbb9a9e2d4609c487ecb1b6308718d5e8","0x5345ff51850ca1c4fbb499599624b6e6096fb92f","11.819659547926742137","N/A","0xa5b947687163fe88c3e6af5b17ae69896f4abccf","Poseidon - H2O Governance Token","PSDN",""
"0x1500d44626cab0cc3d3fb6387a0095c5a9896f1f2f92e5ba0d8f7d190b5d12fc","15820140","1666641035","2022-10-24 19:50:35","0xedd77d21145fa99ae03689f7341e42750f9cf33c","0x2ae08f2cbb9a9e2d4609c487ecb1b6308718d5e8","100","N/A","0xa5b947687163fe88c3e6af5b17ae69896f4abccf","Poseidon - H2O Governance Token","PSDN",""
"0xfbf824325921af7806aab40be6aabc50062e6244db13278e860c9caa5fbec0c6","15869585","1667237915","2022-10-31 17:38:35","0xedd77d21145fa99ae03689f7341e42750f9cf33c","0x2ae08f2cbb9a9e2d4609c487ecb1b6308718d5e8","100","N/A","0xa5b947687163fe88c3e6af5b17ae69896f4abccf","Poseidon - H2O Governance Token","PSDN",""
"0x2bc086e6eb720961203dbe74657d699d9d920fa78ef2e7051730949ef9921989","15921066","1667859299","2022-11-07 22:14:59","0xedd77d21145fa99ae03689f7341e42750f9cf33c","0x2ae08f2cbb9a9e2d4609c487ecb1b6308718d5e8","100","N/A","0xa5b947687163fe88c3e6af5b17ae69896f4abccf","Poseidon - H2O Governance Token","PSDN",""
"0xda3fa6f5a1194974f64d7b00c281634aa6816a89172c0857dcc20df23c616940","15971369","1668466175","2022-11-14 22:49:35","0xedd77d21145fa99ae03689f7341e42750f9cf33c","0x2ae08f2cbb9a9e2d4609c487ecb1b6308718d5e8","100","N/A","0xa5b947687163fe88c3e6af5b17ae69896f4abccf","Poseidon - H2O Governance Token","PSDN",""
"0x2635a15017ed80c858dfef9836084e313e374ead14e2f0fd40ac0c684abde6af","16007087","1668897407","2022-11-19 22:36:47","0x2ae08f2cbb9a9e2d4609c487ecb1b6308718d5e8","0xb81a01f609c78c35b95ed5b1c3fd843fc73bdb6f","0.568656451981434231","N/A","0x0ec4a47065bf52e1874d2491d4deeed3c638c75f","xPSDN-ETH1","xPSDN-ETH1",""
"0x2635a15017ed80c858dfef9836084e313e374ead14e2f0fd40ac0c684abde6af","16007087","1668897407","2022-11-19 22:36:47","0x2ae08f2cbb9a9e2d4609c487ecb1b6308718d5e8","0xb81a01f609c78c35b95ed5b1c3fd843fc73bdb6f","9.279563624614335226","N/A","0xa5b947687163fe88c3e6af5b17ae69896f4abccf","Poseidon - H2O Governance Token","PSDN",""
"0x334c86c5a5b59af1941eed108f9297b6f24e71158845ab98f905ba5ea21bba5c","16007122","1668897827","2022-11-19 22:43:47","0xb81a01f609c78c35b95ed5b1c3fd843fc73bdb6f","0x2ae08f2cbb9a9e2d4609c487ecb1b6308718d5e8","0.568656451981434231","N/A","0x0ec4a47065bf52e1874d2491d4deeed3c638c75f","xPSDN-ETH1","xPSDN-ETH1",""
"0xe1720718cf0e26a90289768202c8acff0f5791dc309735c5d2398e7ab4c6216f","16024306","1669105067","2022-11-22 08:17:47","0xedd77d21145fa99ae03689f7341e42750f9cf33c","0x2ae08f2cbb9a9e2d4609c487ecb1b6308718d5e8","100","N/A","0xa5b947687163fe88c3e6af5b17ae69896f4abccf","Poseidon - H2O Governance Token","PSDN",""
"0x34ddd5e1fea964ad5c41998ab00c58ec0ed540434fff9f8a78ca261e156ec123","16074603","1669712315","2022-11-29 08:58:35","0xedd77d21145fa99ae03689f7341e42750f9cf33c","0x2ae08f2cbb9a9e2d4609c487ecb1b6308718d5e8","100","N/A","0xa5b947687163fe88c3e6af5b17ae69896f4abccf","Poseidon - H2O Governance Token","PSDN",""
"0x3a199860811aa2747e5db801a6d321449d2a2812b64e1b477b62547324583ef1","16087031","1669862435","2022-12-01 02:40:35","0x2ae08f2cbb9a9e2d4609c487ecb1b6308718d5e8","0x1d8b19d2049890641d80b9128d511feb0ae55247","0.888790483209481613","N/A","0x0ec4a47065bf52e1874d2491d4deeed3c638c75f","xPSDN-ETH1","xPSDN-ETH1",""
"0x3a199860811aa2747e5db801a6d321449d2a2812b64e1b477b62547324583ef1","16087031","1669862435","2022-12-01 02:40:35","0x2ae08f2cbb9a9e2d4609c487ecb1b6308718d5e8","0x1d8b19d2049890641d80b9128d511feb0ae55247","8.603119933998072353","N/A","0xa5b947687163fe88c3e6af5b17ae69896f4abccf","Poseidon - H2O Governance Token","PSDN",""
"0x43e5af144927653380d36790ff05eff02ac824c9bb63351ccdcce3e51344da51","16125343","1670324759","2022-12-06 11:05:59","0xedd77d21145fa99ae03689f7341e42750f9cf33c","0x2ae08f2cbb9a9e2d4609c487ecb1b6308718d5e8","100","N/A","0xa5b947687163fe88c3e6af5b17ae69896f4abccf","Poseidon - H2O Governance Token","PSDN",""
"0x1938b434ec6d353d043b29298c32965bd8ab94d5c4317f6111f26bbf3ced55d4","16132123","1670407523","2022-12-07 10:05:23","0x2ae08f2cbb9a9e2d4609c487ecb1b6308718d5e8","0x0eaee7557fb9f7bcec342baffd628a6bd2cd3bc7","2.605360410216200913","N/A","0x0ec4a47065bf52e1874d2491d4deeed3c638c75f","xPSDN-ETH1","xPSDN-ETH1",""
"0x1938b434ec6d353d043b29298c32965bd8ab94d5c4317f6111f26bbf3ced55d4","16132123","1670407523","2022-12-07 10:05:23","0x2ae08f2cbb9a9e2d4609c487ecb1b6308718d5e8","0x0eaee7557fb9f7bcec342baffd628a6bd2cd3bc7","16.663512531955772065","N/A","0xa5b947687163fe88c3e6af5b17ae69896f4abccf","Poseidon - H2O Governance Token","PSDN",""
"0x8db9b16a2d0c94affda63c598f465c218e56dbcb866cb514567e392b5082be8a","16177247","1670952287","2022-12-13 17:24:47","0xedd77d21145fa99ae03689f7341e42750f9cf33c","0x2ae08f2cbb9a9e2d4609c487ecb1b6308718d5e8","100","N/A","0xa5b947687163fe88c3e6af5b17ae69896f4abccf","Poseidon - H2O Governance Token","PSDN",""
"0xfae7c8de3c6c1324496b766c6a3d7703981e4d9968d8c817fd3aef17fa587204","16227663","1671560483","2022-12-20 18:21:23","0xedd77d21145fa99ae03689f7341e42750f9cf33c","0x2ae08f2cbb9a9e2d4609c487ecb1b6308718d5e8","100","N/A","0xa5b947687163fe88c3e6af5b17ae69896f4abccf","Poseidon - H2O Governance Token","PSDN",""
"0xc927d6a1296954dce2c64b4a4b72cafaff56297e434fa0e3b4d51544b0db0edb","16282830","1672225451","2022-12-28 11:04:11","0xedd77d21145fa99ae03689f7341e42750f9cf33c","0x2ae08f2cbb9a9e2d4609c487ecb1b6308718d5e8","100","N/A","0xa5b947687163fe88c3e6af5b17ae69896f4abccf","Poseidon - H2O Governance Token","PSDN",""
"0x6bf20215f67759c273175fba54b1a9447271488c27a636604867c74558fea02c","16334841","1672852391","2023-01-04 17:13:11","0xedd77d21145fa99ae03689f7341e42750f9cf33c","0x2ae08f2cbb9a9e2d4609c487ecb1b6308718d5e8","100","N/A","0xa5b947687163fe88c3e6af5b17ae69896f4abccf","Poseidon - H2O Governance Token","PSDN",""
"0x9ace692e6b5b3bdf9e9759e2027f248eecf58321b2d8464a7c26b8ccc068793e","16386322","1673473439","2023-01-11 21:43:59","0xf5fcd3a63abc766ac5ada296b4a4e860dbf9ebb0","0x2ae08f2cbb9a9e2d4609c487ecb1b6308718d5e8","0.000749658798378288","N/A","0x0ec4a47065bf52e1874d2491d4deeed3c638c75f","xPSDN-ETH1","xPSDN-ETH1",""
"0x93cf980a1097dd9806f399a82fa3dfb5983248fc7bc79ee98a198ec2aaac2271","16390445","1673523155","2023-01-12 11:32:35","0xedd77d21145fa99ae03689f7341e42750f9cf33c","0x2ae08f2cbb9a9e2d4609c487ecb1b6308718d5e8","100","N/A","0xa5b947687163fe88c3e6af5b17ae69896f4abccf","Poseidon - H2O Governance Token","PSDN",""
"0x5bacc9c77b248b436ee756284f9309f8aa1fa783975466d09635564cd14d9b5c","16392065","1673542751","2023-01-12 16:59:11","0x2ae08f2cbb9a9e2d4609c487ecb1b6308718d5e8","0xf5fcd3a63abc766ac5ada296b4a4e860dbf9ebb0","0.000019899062314165","N/A","0xa5b947687163fe88c3e6af5b17ae69896f4abccf","Poseidon - H2O Governance Token","PSDN",""
"0x7f3a22a0a10297dda5b5c3bb45758cd7b9ae06ef471e8c6f0b43dd843c6bdd81","16447917","1674216503","2023-01-20 12:08:23","0xedd77d21145fa99ae03689f7341e42750f9cf33c","0x2ae08f2cbb9a9e2d4609c487ecb1b6308718d5e8","100","N/A","0xa5b947687163fe88c3e6af5b17ae69896f4abccf","Poseidon - H2O Governance Token","PSDN",""
"0x647072dc4c766955faee89caa08468fb03b247b12d6fe270f3d7c19496a258db","16500249","1674847847","2023-01-27 19:30:47","0xedd77d21145fa99ae03689f7341e42750f9cf33c","0x2ae08f2cbb9a9e2d4609c487ecb1b6308718d5e8","100","N/A","0xa5b947687163fe88c3e6af5b17ae69896f4abccf","Poseidon - H2O Governance Token","PSDN",""
"0x00dfa88419b1bc95289be9a13a27f44dc7c2ba30bdab941365da9ad79d836a76","16535928","1675278179","2023-02-01 19:02:59","0x2ae08f2cbb9a9e2d4609c487ecb1b6308718d5e8","0xf5fcd3a63abc766ac5ada296b4a4e860dbf9ebb0","0.000749658798378288","N/A","0x0ec4a47065bf52e1874d2491d4deeed3c638c75f","xPSDN-ETH1","xPSDN-ETH1",""
"0x00dfa88419b1bc95289be9a13a27f44dc7c2ba30bdab941365da9ad79d836a76","16535928","1675278179","2023-02-01 19:02:59","0x2ae08f2cbb9a9e2d4609c487ecb1b6308718d5e8","0xf5fcd3a63abc766ac5ada296b4a4e860dbf9ebb0","0.001645395337512027","N/A","0xa5b947687163fe88c3e6af5b17ae69896f4abccf","Poseidon - H2O Governance Token","PSDN",""
"0x429d13cbbb3ccc4b8df6f6756b2af466f64a013d2c6a50735f7511a40426d8a4","16549619","1675443731","2023-02-03 17:02:11","0x5a6eade27773eab2e4038ec7cf388781eca02f63","0x2ae08f2cbb9a9e2d4609c487ecb1b6308718d5e8","0.000127917298285387","N/A","0x0ec4a47065bf52e1874d2491d4deeed3c638c75f","xPSDN-ETH1","xPSDN-ETH1",""
"0xdef1e0e61617ee981b73e9e76b83e7da62508f123d3b525cf0761b6c81baa4d2","16549624","1675443791","2023-02-03 17:03:11","0x2ae08f2cbb9a9e2d4609c487ecb1b6308718d5e8","0x5a6eade27773eab2e4038ec7cf388781eca02f63","0.000000010396431093","N/A","0xa5b947687163fe88c3e6af5b17ae69896f4abccf","Poseidon - H2O Governance Token","PSDN",""
"0x177b3c865b125bd79ec27687f39f499a86056cd2cc2c617a6c7ff8f69d885df6","16554604","1675503863","2023-02-04 09:44:23","0xedd77d21145fa99ae03689f7341e42750f9cf33c","0x2ae08f2cbb9a9e2d4609c487ecb1b6308718d5e8","100","N/A","0xa5b947687163fe88c3e6af5b17ae69896f4abccf","Poseidon - H2O Governance Token","PSDN",""
"0xe74e68f70f5cd741fc56cc440fdc1fdded48d250d4982ff7af5cac6c516046b8","16568893","1675676231","2023-02-06 09:37:11","0x09c46a907ba6167c50423ca130ad123dc6ec9862","0x2ae08f2cbb9a9e2d4609c487ecb1b6308718d5e8","0.013975097657941772","N/A","0x0ec4a47065bf52e1874d2491d4deeed3c638c75f","xPSDN-ETH1","xPSDN-ETH1",""
"0x02b34a93d42a13ab7508c8e2120b74ca8189603517e5d5fb111967b93ff80145","16568945","1675676855","2023-02-06 09:47:35","0x2ae08f2cbb9a9e2d4609c487ecb1b6308718d5e8","0x09c46a907ba6167c50423ca130ad123dc6ec9862","0.013975097657941772","N/A","0x0ec4a47065bf52e1874d2491d4deeed3c638c75f","xPSDN-ETH1","xPSDN-ETH1",""
"0x02b34a93d42a13ab7508c8e2120b74ca8189603517e5d5fb111967b93ff80145","16568945","1675676855","2023-02-06 09:47:35","0x2ae08f2cbb9a9e2d4609c487ecb1b6308718d5e8","0x09c46a907ba6167c50423ca130ad123dc6ec9862","0.000011811185004655","N/A","0xa5b947687163fe88c3e6af5b17ae69896f4abccf","Poseidon - H2O Governance Token","PSDN",""
"0x9dd2a3ad15a7cdd61b560834129e0b746655a3d2cf6351dd3e1437d79faec6c8","16576011","1675762103","2023-02-07 09:28:23","0x2ae08f2cbb9a9e2d4609c487ecb1b6308718d5e8","0x8fd4e91676d540b2c22e793617fc789f3fce00ba","197.961250965251810582","N/A","0xa5b947687163fe88c3e6af5b17ae69896f4abccf","Poseidon - H2O Governance Token","PSDN",""
"0x6d064b62ec04147caeb17b6d75f0a280324eb73c148d2e1bc020950ecc74b61b","16576014","1675762139","2023-02-07 09:28:59","0x2ae08f2cbb9a9e2d4609c487ecb1b6308718d5e8","0x8fd4e91676d540b2c22e793617fc789f3fce00ba","1.691778491155690545","N/A","0x0ec4a47065bf52e1874d2491d4deeed3c638c75f","xPSDN-ETH1","xPSDN-ETH1",""
"0x6d064b62ec04147caeb17b6d75f0a280324eb73c148d2e1bc020950ecc74b61b","16576014","1675762139","2023-02-07 09:28:59","0x2ae08f2cbb9a9e2d4609c487ecb1b6308718d5e8","0x8fd4e91676d540b2c22e793617fc789f3fce00ba","0.000082499202587311","N/A","0xa5b947687163fe88c3e6af5b17ae69896f4abccf","Poseidon - H2O Governance Token","PSDN",""
"0xb9d7a8208cb5bbc648713468e2e919c37d844b98d5e02f85ceab1362f923586c","16607060","1676137103","2023-02-11 17:38:23","0xedd77d21145fa99ae03689f7341e42750f9cf33c","0x2ae08f2cbb9a9e2d4609c487ecb1b6308718d5e8","100","N/A","0xa5b947687163fe88c3e6af5b17ae69896f4abccf","Poseidon - H2O Governance Token","PSDN",""
"0x342b9827164f618d4985f63c5d2bb4a7e3390c78545ce821a0e08224763c99ce","16664145","1676828015","2023-02-19 17:33:35","0xedd77d21145fa99ae03689f7341e42750f9cf33c","0x2ae08f2cbb9a9e2d4609c487ecb1b6308718d5e8","100","N/A","0xa5b947687163fe88c3e6af5b17ae69896f4abccf","Poseidon - H2O Governance Token","PSDN",""
"0x7370f5526923e0cc991e22c968f11818dfd240a61f52abba6abe7eebf07f2570","16673608","1676942771","2023-02-21 01:26:11","0x2ae08f2cbb9a9e2d4609c487ecb1b6308718d5e8","0x6e1ad8e91b9b7b677c2a81fa31b6faaa657424fb","1,836.634107258094808604","N/A","0xa5b947687163fe88c3e6af5b17ae69896f4abccf","Poseidon - H2O Governance Token","PSDN",""
"0x8a2191c624658bb8a887d5f5345c3e6bae2b2f354a04888f53f6ad936ccd94fd","16720803","1677516299","2023-02-27 16:44:59","0xedd77d21145fa99ae03689f7341e42750f9cf33c","0x2ae08f2cbb9a9e2d4609c487ecb1b6308718d5e8","100","N/A","0xa5b947687163fe88c3e6af5b17ae69896f4abccf","Poseidon - H2O Governance Token","PSDN",""
"0x12295532a24f26a8ecda23c2adc3d296d6b16edd91015933edf646c7e8f51051","16721109","1677520007","2023-02-27 17:46:47","0x2ae08f2cbb9a9e2d4609c487ecb1b6308718d5e8","0x139776871ee95f55d20b10d9ba5a0385451066cd","146.997524601745943602","N/A","0xa5b947687163fe88c3e6af5b17ae69896f4abccf","Poseidon - H2O Governance Token","PSDN",""
"0x535dfc855d832b9597ce42ac37aff964c89e79296f02aaa554742fcc330401bf","16721132","1677520307","2023-02-27 17:51:47","0x2ae08f2cbb9a9e2d4609c487ecb1b6308718d5e8","0x139776871ee95f55d20b10d9ba5a0385451066cd","2.82","N/A","0x0ec4a47065bf52e1874d2491d4deeed3c638c75f","xPSDN-ETH1","xPSDN-ETH1",""
"0x0e249f9a43b52f63d1af3e02fdb5ecf06ef093d4aa13b436d326a8295957638d","16735509","1677694835","2023-03-01 18:20:35","0xc148368d792937c649bcfe64ccf101dd6d7d77b4","0x2ae08f2cbb9a9e2d4609c487ecb1b6308718d5e8","3.74566253594326498","N/A","0x0ec4a47065bf52e1874d2491d4deeed3c638c75f","xPSDN-ETH1","xPSDN-ETH1",""
"0x64c3002e1c4620a0809e55c3c1ab1680fb047319fe17c241253cbfbe5e70d7d4","16740022","1677749663","2023-03-02 09:34:23","0x51e7b8564f50ec4ad91877e39274bda7e6eb880a","0x2ae08f2cbb9a9e2d4609c487ecb1b6308718d5e8","3.24901664500318258","N/A","0x0ec4a47065bf52e1874d2491d4deeed3c638c75f","xPSDN-ETH1","xPSDN-ETH1",""
"0xb6616e763e45b3ed0b1cb44b813a25784b51ae65f171fca3da66dd30001837ce","16754190","1677922127","2023-03-04 09:28:47","0x2ae08f2cbb9a9e2d4609c487ecb1b6308718d5e8","0x6e1ad8e91b9b7b677c2a81fa31b6faaa657424fb","108.55","N/A","0x0ec4a47065bf52e1874d2491d4deeed3c638c75f","xPSDN-ETH1","xPSDN-ETH1",""
"0x27e2ba6ecfb06c63214b33b8ebf9076b288a507cc9e865175302438c6ea53cff","16754236","1677922679","2023-03-04 09:37:59","0x6e1ad8e91b9b7b677c2a81fa31b6faaa657424fb","0x2ae08f2cbb9a9e2d4609c487ecb1b6308718d5e8","108.55","N/A","0x0ec4a47065bf52e1874d2491d4deeed3c638c75f","xPSDN-ETH1","xPSDN-ETH1",""
"0x0dfbe75f9fa1d179a477ca26c1b3a0a28fffeb035ab324d61d4387fc51a92d82","16774398","1678167527","2023-03-07 05:38:47","0xedd77d21145fa99ae03689f7341e42750f9cf33c","0x2ae08f2cbb9a9e2d4609c487ecb1b6308718d5e8","100","N/A","0xa5b947687163fe88c3e6af5b17ae69896f4abccf","Poseidon - H2O Governance Token","PSDN",""
"0xa599de6f6b4920fde355dc30070311aa47294e75e1acfef37026a72eed4c6f8f","16789659","1678352915","2023-03-09 09:08:35","0x2ae08f2cbb9a9e2d4609c487ecb1b6308718d5e8","0x6e1ad8e91b9b7b677c2a81fa31b6faaa657424fb","108.558","N/A","0x0ec4a47065bf52e1874d2491d4deeed3c638c75f","xPSDN-ETH1","xPSDN-ETH1",""
"0xfbd008cf73952c8369d31980243713080e33c9d528ad92172fcb884c552edc09","16789662","1678352951","2023-03-09 09:09:11","0x6e1ad8e91b9b7b677c2a81fa31b6faaa657424fb","0x2ae08f2cbb9a9e2d4609c487ecb1b6308718d5e8","108.558","N/A","0x0ec4a47065bf52e1874d2491d4deeed3c638c75f","xPSDN-ETH1","xPSDN-ETH1",""
"0x95ecf7b65045bfbe5f5f0e8d4cfddcca5f4f371f065bd91ecf35f625c0bdb751","16811857","1678623011","2023-03-12 12:10:11","0x2ae08f2cbb9a9e2d4609c487ecb1b6308718d5e8","0x51e7b8564f50ec4ad91877e39274bda7e6eb880a","3.24901664500318258","N/A","0x0ec4a47065bf52e1874d2491d4deeed3c638c75f","xPSDN-ETH1","xPSDN-ETH1",""
"0x95ecf7b65045bfbe5f5f0e8d4cfddcca5f4f371f065bd91ecf35f625c0bdb751","16811857","1678623011","2023-03-12 12:10:11","0x2ae08f2cbb9a9e2d4609c487ecb1b6308718d5e8","0x51e7b8564f50ec4ad91877e39274bda7e6eb880a","3.583970808854829381","N/A","0xa5b947687163fe88c3e6af5b17ae69896f4abccf","Poseidon - H2O Governance Token","PSDN",""
"0x288c9ccf4c16247de8a10c888d55b5e253ecee23be0c0cc63a7d246583276b10","16854066","1679135555","2023-03-18 10:32:35","0xedd77d21145fa99ae03689f7341e42750f9cf33c","0x2ae08f2cbb9a9e2d4609c487ecb1b6308718d5e8","100","N/A","0xa5b947687163fe88c3e6af5b17ae69896f4abccf","Poseidon - H2O Governance Token","PSDN",""
