"Txhash","Blockno","UnixTimestamp","DateTime","From","To","ContractAddress","Value_IN(ETH)","Value_OUT(ETH)","CurrentValue @ $1803.5/Eth","TxnFee(ETH)","TxnFee(USD)","Historical $Price/Eth","Status","ErrCode","Method", ""
"0xf01b13f966afde1f9a3dbb5beb5cd53b3ce482fdb4197d5357f14efc7c0a4ebc","15768866","1666022303","2022-10-17 15:58:23","0x3b29edf2e6ada78b95492e0d0617d643a5ee55d3","","0x08d3f2cae4eacdcbfb0f7ffad07a6d00fc36db6e","0","0","0","0.058574559059217792","105.639217263299","1331.52","","","0x61014034",""
"0xdc2a0e580a9d690813d130a431120150fe09693fcdb16e72d9de9608ed94643d","15769376","1666028435","2022-10-17 17:40:35","0x78e869870e425a4d78bc18c46be9a6b9b8417cb5","0x08d3f2cae4eacdcbfb0f7ffad07a6d00fc36db6e","","0","0","0","0.004231807615282585","7.63206503416214","1331.52","","","Stake",""
"0x81b04b500621c8f325ca077d1de19950598b204c5b05abeb94a8142296d35728","15773149","1666073867","2022-10-18 06:17:47","0xe0dc24a3d7478eb840dc63baa20fcb06cdb123be","0x08d3f2cae4eacdcbfb0f7ffad07a6d00fc36db6e","","0","0","0","0.002343817069425084","4.22707408470814","1310.78","","","Stake",""
"0x15340ce0289fe3fe00a46cd70a9653cb405ef6e76983a19a754d96217bff1e2c","15773403","1666076927","2022-10-18 07:08:47","0x30a20b0281df39e6337c3cbe5865e6fdcdcce3f1","0x08d3f2cae4eacdcbfb0f7ffad07a6d00fc36db6e","","0","0","0","0.001739167900037032","3.13658930771679","1310.78","","","Stake",""
"0xfe0e684e86dc958d5f2078dfc738b392eb22570f143d4e86f76e1d528eb3a00f","15773421","1666077143","2022-10-18 07:12:23","0x30a20b0281df39e6337c3cbe5865e6fdcdcce3f1","0x08d3f2cae4eacdcbfb0f7ffad07a6d00fc36db6e","","0","0","0","0.001491804671748048","2.6904697254976","1310.78","","","Stake",""
"0x890f4e1d85399c583252e636326baec9efce1c1086d7e80423d82ef74b3088ed","15773480","1666077851","2022-10-18 07:24:11","0xe0dc24a3d7478eb840dc63baa20fcb06cdb123be","0x08d3f2cae4eacdcbfb0f7ffad07a6d00fc36db6e","","0","0","0","0.001911943386404208","3.44818989737999","1310.78","","","Stake",""
"0x7e825cfbc772d4b03dc1e888b370a31faf313e6ad07bf3a017a858e2009fa994","15773806","1666081775","2022-10-18 08:29:35","0x0eaee7557fb9f7bcec342baffd628a6bd2cd3bc7","0x08d3f2cae4eacdcbfb0f7ffad07a6d00fc36db6e","","0","0","0","0.00214691129584076","3.87195452204881","1310.78","","","Stake",""
"0x00248b422ba5763d2d9e4ded4e5477c5a463a73c580a2fa3daf0c55b92c7adc3","15775322","1666100111","2022-10-18 13:35:11","0x933b7dfefae9e2e8385054d1c9b1143d9aeeb069","0x08d3f2cae4eacdcbfb0f7ffad07a6d00fc36db6e","","0","0","0","0.002580114674220744","4.65323681495711","1310.78","","","Stake",""
"0x954521a872f70760906d9c332478b724819a3ca94343fe3db63443bb237d23d2","15775871","1666106723","2022-10-18 15:25:23","0x30a20b0281df39e6337c3cbe5865e6fdcdcce3f1","0x08d3f2cae4eacdcbfb0f7ffad07a6d00fc36db6e","","0","0","0","0.010514855329496518","18.963541586747","1310.78","","","Withdraw",""
"0x7142fd8b319ae5e2c147520b300a71db48c639731d270a8e2b03e1e0746cf275","15778018","1666132571","2022-10-18 22:36:11","0x8ed4877c476df391b77c1827184c072640924266","0x08d3f2cae4eacdcbfb0f7ffad07a6d00fc36db6e","","0","0","0","0.003794127980596704","6.84270981300616","1310.78","","","Stake",""
"0x3e1de2198c5cb5f1df4d1138716840ea6595c7831ce73847b4b2ffbd6829d81c","15804211","1666448507","2022-10-22 14:21:47","0x5b520e99129194105c465230d3cb6c9e4b172147","0x08d3f2cae4eacdcbfb0f7ffad07a6d00fc36db6e","","0","0","0","0.002601202380591516","4.6912684933968","1313.91","","","Stake",""
"0x0cbfe60cca348aa9455336e76b1f9cf0a49d4f3562aef85854d547f34e2628f0","15830096","1666761371","2022-10-26 05:16:11","0x03a0f12a0a03d93a749fa0f404e2018c0c5ea9af","0x08d3f2cae4eacdcbfb0f7ffad07a6d00fc36db6e","","0","0","0","0.001371626947380144","2.47372919960009","1566.85","","","Stake",""
"0x6b557bef4664dec9c6f4a123a803a359a02dac808a559457b6ef456c453f2d98","15831083","1666773299","2022-10-26 08:34:59","0x5b520e99129194105c465230d3cb6c9e4b172147","0x08d3f2cae4eacdcbfb0f7ffad07a6d00fc36db6e","","0","0","0","0.00163761210276496","2.95343342733661","1566.85","","","Get Reward",""
"0xeb56e1f683c450e846cb466f1145ec1c6964064f562dc54b08c9cdfc06b46b99","15837671","1666852715","2022-10-27 06:38:35","0xe0dc24a3d7478eb840dc63baa20fcb06cdb123be","0x08d3f2cae4eacdcbfb0f7ffad07a6d00fc36db6e","","0","0","0","0.00118433944732756","2.13595619325525","1514.35","","","Get Reward",""
"0xaa89eb7f2c3a9fbd4e9533fe5cb23c66d2ef5be1d2e6b35fe7921aae76f054df","15861798","1667143979","2022-10-30 15:32:59","0xe0dc24a3d7478eb840dc63baa20fcb06cdb123be","0x08d3f2cae4eacdcbfb0f7ffad07a6d00fc36db6e","","0","0","0","0.0014885788","2.6846518658","1590.93","","","Get Reward",""
"0x96cec96d95a964d41edca804886f6e762385facc796216f2c12e9889a7a1d9e8","15874156","1667293271","2022-11-01 09:01:11","0x1a7eedeadc8e38fadff8719f22d9ca54eda406a0","0x08d3f2cae4eacdcbfb0f7ffad07a6d00fc36db6e","","0","0","0","0.001721234481882688","3.10424638807543","1578.51","","","Stake",""
"0x82baee962628ee9f7ff9232691c8fc04dbd202061c70a51e2cfc7ed6fab2dd7d","15979160","1668560315","2022-11-16 00:58:35","0x5b520e99129194105c465230d3cb6c9e4b172147","0x08d3f2cae4eacdcbfb0f7ffad07a6d00fc36db6e","","0","0","0","0.002306569745586078","4.15989853616449","1215.24","","","Get Reward",""
"0x1928e534aaa620b7694f15d2c4ad95a198f8132d23acf896319cd2657d2dd5cf","15982744","1668603599","2022-11-16 12:59:59","0x8ed4877c476df391b77c1827184c072640924266","0x08d3f2cae4eacdcbfb0f7ffad07a6d00fc36db6e","","0","0","0","0.002528950233148824","4.5609617454839","1215.24","","","Get Reward",""
"0x867ad9570829c3095279bc61c3711933f1437ae9b668facbc53026354bc29d72","15993272","1668730739","2022-11-18 00:18:59","0x933b7dfefae9e2e8385054d1c9b1143d9aeeb069","0x08d3f2cae4eacdcbfb0f7ffad07a6d00fc36db6e","","0","0","0","0.0022048374","3.9764242509","1210.98","","","Get Reward",""
"0x0683a6523221aeee84a69708c135c201fb942d21f11b04982a7fb573da21efc3","16002605","1668843335","2022-11-19 07:35:35","0xe0dc24a3d7478eb840dc63baa20fcb06cdb123be","0x08d3f2cae4eacdcbfb0f7ffad07a6d00fc36db6e","","0","0","0","0.00149708","2.69998378","1216.52","","","Get Reward",""
"0x6db6df691ba47933628c338be247060e966bb26f99c1f8ae7c4fc7df3e170dd5","16040055","1669295519","2022-11-24 13:11:59","0x5b520e99129194105c465230d3cb6c9e4b172147","0x08d3f2cae4eacdcbfb0f7ffad07a6d00fc36db6e","","0","0","0","0.001694213727695892","3.05551445789954","1202.96","","","Get Reward",""
"0x60712162285c17494d867c97bc82d2e3269f02d5bef16cc1a94b45708c0feef6","16052160","1669441559","2022-11-26 05:45:59","0xe0dc24a3d7478eb840dc63baa20fcb06cdb123be","0x08d3f2cae4eacdcbfb0f7ffad07a6d00fc36db6e","","0","0","0","0.001422226","2.564984591","1204.94","","","Get Reward",""
"0x341d7a609aee6a17b3c8e1d36501f7921b6c77cf86193336bf8d43abebfb456f","16113581","1670182751","2022-12-04 19:39:11","0xe0dc24a3d7478eb840dc63baa20fcb06cdb123be","0x08d3f2cae4eacdcbfb0f7ffad07a6d00fc36db6e","","0","0","0","0.0014671384","2.6459841044","1279.89","","","Get Reward",""
"0x205fef0062448be6d42f73383832acace289b39ae46e73a42e76c5ee407c788c","16132162","1670408015","2022-12-07 10:13:35","0x0eaee7557fb9f7bcec342baffd628a6bd2cd3bc7","0x08d3f2cae4eacdcbfb0f7ffad07a6d00fc36db6e","","0","0","0","0.002493613773954744","4.49723244132738","1231.35","","","Get Reward",""
"0x2c961386fc05ada6a547de8bffec0f8f46fe1a06a42c3dbd2f4b230012e1aeff","16146709","1670583659","2022-12-09 11:00:59","0x5b520e99129194105c465230d3cb6c9e4b172147","0x08d3f2cae4eacdcbfb0f7ffad07a6d00fc36db6e","","0","0","0","0.002834860842333344","5.11267152914819","1262.95","","","Get Reward",""
"0x1b758a8ce4becd9edcfc2753b1b976c836f9bb257762f23bd49d2d95604704af","16146746","1670584115","2022-12-09 11:08:35","0x30a20b0281df39e6337c3cbe5865e6fdcdcce3f1","0x08d3f2cae4eacdcbfb0f7ffad07a6d00fc36db6e","","0","0","0","0.002345649984673295","4.23037974735829","1262.95","","","Stake",""
"0xf79b4a5eee9aa4b8c7fe3f03bf413b9a117d1e270b36d40f1b8625252a439570","16160112","1670745371","2022-12-11 07:56:11","0x87fc1313880d579039ac48db8b25428ed5f33c4a","0x08d3f2cae4eacdcbfb0f7ffad07a6d00fc36db6e","","0","0","0","0.002288360897226765","4.12705887814847","1263.27","","","Stake",""
"0x3a0e16b39b2c288a8eb7468c960c8297e926997dbc4f40457c9f79f5b82a3507","16161872","1670766575","2022-12-11 13:49:35","0x5792587c01e588f3d98f61d662a8b82b50890049","0x08d3f2cae4eacdcbfb0f7ffad07a6d00fc36db6e","","0","0","0","0.002504935403298095","4.51765099984811","1263.27","","","Stake",""
"0x39c8924a2d350f196644c59ebecae6b416f33bddf2b881dc908beb5b89f9ad73","16163343","1670784323","2022-12-11 18:45:23","0x1a7eedeadc8e38fadff8719f22d9ca54eda406a0","0x08d3f2cae4eacdcbfb0f7ffad07a6d00fc36db6e","","0","0","0","0.0021350545863114","3.85057094641261","1263.27","","","Get Reward",""
"0x97e63146906857402a7bdcbd528de0f5a5636774c18b0778dabafd2ad4af5493","16170222","1670867423","2022-12-12 17:50:23","0x5792587c01e588f3d98f61d662a8b82b50890049","0x08d3f2cae4eacdcbfb0f7ffad07a6d00fc36db6e","","0","0","0","0.004018580071964454","7.24750915978789","1275.37","","","Withdraw",""
"0x9b525760e31d92e3e014bc691f3a9e4a6556c1f9ef83b62a8ab26d13363825aa","16186956","1671069419","2022-12-15 01:56:59","0x933b7dfefae9e2e8385054d1c9b1143d9aeeb069","0x08d3f2cae4eacdcbfb0f7ffad07a6d00fc36db6e","","0","0","0","0.0019896514","3.5883362999","1266.59","","","Get Reward",""
"0x006fb7e58125ed89ec56904f3c4f4c9e07929e0a4ccda5ec362629cc6616aab7","16186979","1671069695","2022-12-15 02:01:35","0x933b7dfefae9e2e8385054d1c9b1143d9aeeb069","0x08d3f2cae4eacdcbfb0f7ffad07a6d00fc36db6e","","0","0","0","0.0018376633","3.31422576155","1266.59","","","Stake",""
"0x2a8c394ccb7e71d155fea5bf91adb9d2b7edb70c8d84187e4e515022b340acbd","16214279","1671399059","2022-12-18 21:30:59","0xe0dc24a3d7478eb840dc63baa20fcb06cdb123be","0x08d3f2cae4eacdcbfb0f7ffad07a6d00fc36db6e","","0","0","0","0.00149708","2.69998378","1183.19","","","Get Reward",""
"0x9f821f1834aa66f6ec6bf1e4e09c80aac12b4fa2b2e761862154a96f660f192c","16214786","1671405191","2022-12-18 23:13:11","0x5b520e99129194105c465230d3cb6c9e4b172147","0x08d3f2cae4eacdcbfb0f7ffad07a6d00fc36db6e","","0","0","0","0.001956194889795484","3.52799748374616","1183.19","","","Get Reward",""
"0x06495a059ac199cdabf6ba9a76bd4164af600a8bed16fe744fc53b5ddb3ba170","16255011","1671889931","2022-12-24 13:52:11","0xe0dc24a3d7478eb840dc63baa20fcb06cdb123be","0x08d3f2cae4eacdcbfb0f7ffad07a6d00fc36db6e","","0","0","0","0.0014521676","2.6189842666","1220.49","","","Get Reward",""
"0x322b612e579c8f3ff48006e9d0f5b81739ace1356318b4bb9c8bde25369b692c","16269081","1672059551","2022-12-26 12:59:11","0x341a85f21a1e2f60e70e1b5b326e1fc70af8da4b","0x08d3f2cae4eacdcbfb0f7ffad07a6d00fc36db6e","","0","0","0","0.001942053212450757","3.50249296865494","1227.30","","","Stake",""
"0xe2bc9c13b15f02b93ddc44a42a5c74e5983ead378732cea9d190978bbf0a354c","16293884","1672358723","2022-12-30 00:05:23","0x5b520e99129194105c465230d3cb6c9e4b172147","0x08d3f2cae4eacdcbfb0f7ffad07a6d00fc36db6e","","0","0","0","0.002488443242162436","4.48790738723995","1199.12","","","Get Reward",""
"0xf3e6926b607822b255901c878aed0687afc8c1acda7ebaf2a02220fdbb6bc46c","16329530","1672788359","2023-01-03 23:25:59","0x8ed4877c476df391b77c1827184c072640924266","0x08d3f2cae4eacdcbfb0f7ffad07a6d00fc36db6e","","0","0","0","0.002738049508089666","4.93807228783971","1214.11","","","Get Reward",""
"0x12e08cb4fb32867fc63694c51d67d6da88aded4f02a76c8c35ad51302a9ef2a3","16330240","1672796915","2023-01-04 01:48:35","0x933b7dfefae9e2e8385054d1c9b1143d9aeeb069","0x08d3f2cae4eacdcbfb0f7ffad07a6d00fc36db6e","","0","0","0","0.0025032294","4.5145742229","1256.42","","","Get Reward",""
"0x06871f6dc25fe77ed2e0d92540bebef2bc5bd4643e701cae5ce586161e91e33f","16330268","1672797251","2023-01-04 01:54:11","0x933b7dfefae9e2e8385054d1c9b1143d9aeeb069","0x08d3f2cae4eacdcbfb0f7ffad07a6d00fc36db6e","","0","0","0","0.0021414093","3.86203167255","1256.42","","","Stake",""
"0x27ebadf61f450219fb278781c8d5a39b5e69493c0c0d828f3049a5cab3ae3581","16361730","1673176811","2023-01-08 11:20:11","0xe0dc24a3d7478eb840dc63baa20fcb06cdb123be","0x08d3f2cae4eacdcbfb0f7ffad07a6d00fc36db6e","","0","0","0","0.001796496","3.239980536","1288.62","","","Get Reward",""
"0x8ee7d2ef24859f479821a58489397953a600119c0e8eed1400b3b1e3c0fa5447","16369306","1673268035","2023-01-09 12:40:35","0xe0dc24a3d7478eb840dc63baa20fcb06cdb123be","0x08d3f2cae4eacdcbfb0f7ffad07a6d00fc36db6e","","0","0","0","0.0025444875","4.58898320625","1320.11","","","Withdraw",""
"0x057730c7fd75a369a8f5acb35153b7c0c34b1f132c5e7b406423b72f93a83a60","16376501","1673354843","2023-01-10 12:47:23","0x5b520e99129194105c465230d3cb6c9e4b172147","0x08d3f2cae4eacdcbfb0f7ffad07a6d00fc36db6e","","0","0","0","0.002460698725481464","4.43787015140582","1335.42","","","Get Reward",""
"0x919e5d7dfd43521d4f66c31e6744785b9e7846cb0a775baae9eec6ca0d5b857d","16393136","1673555687","2023-01-12 20:34:47","0x30a20b0281df39e6337c3cbe5865e6fdcdcce3f1","0x08d3f2cae4eacdcbfb0f7ffad07a6d00fc36db6e","","0","0","0","0.003658354739757328","6.59784277315234","1416.05","","","Get Reward",""
"0x28b9b665b3cbf0d852e5da70b7c625fb31f6f167a7a93a8bf89a537e28834700","16393273","1673557355","2023-01-12 21:02:35","0x30a20b0281df39e6337c3cbe5865e6fdcdcce3f1","0x08d3f2cae4eacdcbfb0f7ffad07a6d00fc36db6e","","0","0","0","0.004312458192925255","7.7775183509407","1416.05","","","Stake",""
"0x9fcf4210c5490861aaa8e1e22f2e7fa5f8bf379aefc1470460cf257b228fe5fd","16396193","1673592611","2023-01-13 06:50:11","0x30a20b0281df39e6337c3cbe5865e6fdcdcce3f1","0x08d3f2cae4eacdcbfb0f7ffad07a6d00fc36db6e","","0","0","0","0.001862257790748805","3.35858192561547","1451.18","","","Stake",""
"0x0679dc19128bb4076f7c2d763587f58ba3912b1658b80db270135bb2e7fe0d82","16410765","1673768327","2023-01-15 07:38:47","0xe0dc24a3d7478eb840dc63baa20fcb06cdb123be","0x08d3f2cae4eacdcbfb0f7ffad07a6d00fc36db6e","","0","0","0","0.001946204","3.509978914","1552.71","","","Get Reward",""
"0xe1751b7e668f834bdfca1aa3425e6811bb4ef7d9ac1c491f2ab6ddcc579d4e61","16447414","1674210443","2023-01-20 10:27:23","0x5b520e99129194105c465230d3cb6c9e4b172147","0x08d3f2cae4eacdcbfb0f7ffad07a6d00fc36db6e","","0","0","0","0.002596775114134356","4.68328391834131","1659.02","","","Get Reward",""
"0xb4c1d55153bc7967f2e7b9863571bb4229373c275a70d7a1a374b1cd6474743e","16453999","1674289943","2023-01-21 08:32:23","0x30a20b0281df39e6337c3cbe5865e6fdcdcce3f1","0x08d3f2cae4eacdcbfb0f7ffad07a6d00fc36db6e","","0","0","0","0.00252612305500491","4.55586292970136","1626.68","","","Get Reward",""
"0x5092edac948f827dc59dc04594c8d6b413e5592000d0bbb74f0ee081d018f230","16454447","1674295331","2023-01-21 10:02:11","0x6d4983491593010e44f260e67f06969066701e50","0x08d3f2cae4eacdcbfb0f7ffad07a6d00fc36db6e","","0","0","0","0.002472441611473375","4.45904844629223","1626.68","","","Stake",""
"0x06c6c3a8de49d306eacc629196be0f69e7589ed9d45b05d14d28ec0bc42bcbcf","16457585","1674333107","2023-01-21 20:31:47","0xe0dc24a3d7478eb840dc63baa20fcb06cdb123be","0x08d3f2cae4eacdcbfb0f7ffad07a6d00fc36db6e","","0","0","0","0.002278275","4.1088689625","1626.68","","","Stake",""
"0xb0856c0c3f454cf1246d99288aab3b6ce5e23b6cc57bf07b1c19686fa9f8b6fd","16492808","1674758015","2023-01-26 18:33:35","0xd79b7570e9a612c2bbfa969ddd53610dbbe30bcd","0x08d3f2cae4eacdcbfb0f7ffad07a6d00fc36db6e","","0","0","0","0.003975728667944075","7.17022665263714","1601.35","","","Stake",""
"0x2ae4832085ee1bf9f422b4f19616d6ce62794a7933b32482f82975eefa50e0ee","16492969","1674759947","2023-01-26 19:05:47","0xd79b7570e9a612c2bbfa969ddd53610dbbe30bcd","0x08d3f2cae4eacdcbfb0f7ffad07a6d00fc36db6e","","0","0","0","0.00442377184563358","7.97827252360016","1601.35","","","Stake",""
"0xae1c643a922858d5f52aba79253f60bb195936d4c4765b12189d3449f4c9fe7b","16493101","1674761531","2023-01-26 19:32:11","0xd79b7570e9a612c2bbfa969ddd53610dbbe30bcd","0x08d3f2cae4eacdcbfb0f7ffad07a6d00fc36db6e","","0","0","0","0.00316788486431867","5.71328035279872","1601.35","","","Stake",""
"0xe1e5b828c5dcec20be40522a8ad7858d6e8a3a2a33071442849ff55a2b3526c6","16493223","1674762995","2023-01-26 19:56:35","0xd79b7570e9a612c2bbfa969ddd53610dbbe30bcd","0x08d3f2cae4eacdcbfb0f7ffad07a6d00fc36db6e","","0","0","0","0.0030612757596139","5.52101083246367","1601.35","","","Stake",""
"0xe77fce18012a0b0b712a0f42430005a37dc1c317c53cd881f067f7ae87377a92","16493316","1674764135","2023-01-26 20:15:35","0xd79b7570e9a612c2bbfa969ddd53610dbbe30bcd","0x08d3f2cae4eacdcbfb0f7ffad07a6d00fc36db6e","","0","0","0","0.002919259034809545","5.26488366927901","1601.35","","","Stake",""
"0xfe3ab7b274452cda964c3069f88705b10bf1933e1060e96051188e1a69928fae","16505595","1674912287","2023-01-28 13:24:47","0x75f2bbf3a10b67134a780fb7d6da5808265111f7","0x08d3f2cae4eacdcbfb0f7ffad07a6d00fc36db6e","","0","0","0","0.002274418934549041","4.1019145484592","1572.46","","","Stake",""
"0x18b7a2910b8d6c1c37b30531634d25940124dccb9394e511d932a150e70fb1b6","16505660","1674913079","2023-01-28 13:37:59","0x75f2bbf3a10b67134a780fb7d6da5808265111f7","0x08d3f2cae4eacdcbfb0f7ffad07a6d00fc36db6e","","0","0","0","0.002241025317691229","4.04168916045613","1572.46","","","Stake",""
"0xd834860a6f3822e6cee36324aaac2e5dcf209210c34a809a5bcc8787ff5ddbb2","16507260","1674932339","2023-01-28 18:58:59","0x75f2bbf3a10b67134a780fb7d6da5808265111f7","0x08d3f2cae4eacdcbfb0f7ffad07a6d00fc36db6e","","0","0","0","0.001787368738815975","3.22351952045461","1572.46","","","Stake",""
"0xcfb0277ef29181f612febab74b6cb7643de29f705b3e7f234c04a2ead99e893b","16507281","1674932591","2023-01-28 19:03:11","0x75f2bbf3a10b67134a780fb7d6da5808265111f7","0x08d3f2cae4eacdcbfb0f7ffad07a6d00fc36db6e","","0","0","0","0.00170452798293244","3.07411621721866","1572.46","","","Stake",""
"0x24d31ecde901aa9f608e6c788e0e766c57f317f863e5bd89cf187c9ec54e1bef","16507367","1674933635","2023-01-28 19:20:35","0x75f2bbf3a10b67134a780fb7d6da5808265111f7","0x08d3f2cae4eacdcbfb0f7ffad07a6d00fc36db6e","","0","0","0","0.00179489692104849","3.23709659711095","1572.46","","","Stake",""
"0xd40c07a7dd11ee306f2448776e83a0d692adaeb78a412e2a8d1131c277957959","16507424","1674934319","2023-01-28 19:31:59","0x75f2bbf3a10b67134a780fb7d6da5808265111f7","0x08d3f2cae4eacdcbfb0f7ffad07a6d00fc36db6e","","0","0","0","0.001648397292620875","2.97288451724175","1572.46","","","Stake",""
"0xaa102d87b377b415b1487522aaf2038e47681d273131166e273c5ea87f950929","16507469","1674934871","2023-01-28 19:41:11","0x75f2bbf3a10b67134a780fb7d6da5808265111f7","0x08d3f2cae4eacdcbfb0f7ffad07a6d00fc36db6e","","0","0","0","0.001766890237409642","3.18658654316829","1572.46","","","Stake",""
"0xe6ff44ab0efd4438e8711cd86ead68ce5782ebce6cd837cf18e24c2c1ce62712","16512475","1674995279","2023-01-29 12:27:59","0xd79b7570e9a612c2bbfa969ddd53610dbbe30bcd","0x08d3f2cae4eacdcbfb0f7ffad07a6d00fc36db6e","","0","0","0","0.00554894882164392","10.0075291998348","1645.46","","","Stake",""
"0x63167aa06dd352a5a61fdff4b99fddec0492190daf72273890cca47e0cfc13ac","16534460","1675260479","2023-02-01 14:07:59","0x8ed4877c476df391b77c1827184c072640924266","0x08d3f2cae4eacdcbfb0f7ffad07a6d00fc36db6e","","0","0","0","0.003875881792023172","6.99015281191379","1641.61","","","Stake",""
"0xc2f6ea80cd8e236667be5ecde3f4767a13d3fc8b1b88909b0dc157212d338e18","16535616","1675274423","2023-02-01 18:00:23","0x30a20b0281df39e6337c3cbe5865e6fdcdcce3f1","0x08d3f2cae4eacdcbfb0f7ffad07a6d00fc36db6e","","0","0","0","0.00346003750546869","6.24017764111278","1641.61","","","Get Reward",""
"0xb2ea95de4b105042b1a6eefdc001adc0465ed0c2671b84691cb5027473fe7b7a","16535741","1675275923","2023-02-01 18:25:23","0x8ed4877c476df391b77c1827184c072640924266","0x08d3f2cae4eacdcbfb0f7ffad07a6d00fc36db6e","","0","0","0","0.002987056810104204","5.38715695702293","1641.61","","","Get Reward",""
"0xfa742a4f3c2375192fd28d3572502c93452235aefc83336982c015a6486484ae","16539816","1675325159","2023-02-02 08:05:59","0x75f2bbf3a10b67134a780fb7d6da5808265111f7","0x08d3f2cae4eacdcbfb0f7ffad07a6d00fc36db6e","","0","0","0","0.002794652646216984","5.04015604745233","1642.74","","","Get Reward",""
"0x78fe2b449d8fba83324d42584ea7e55a5ef7088503bce4993b879c76a2b44b67","16539822","1675325231","2023-02-02 08:07:11","0x75f2bbf3a10b67134a780fb7d6da5808265111f7","0x08d3f2cae4eacdcbfb0f7ffad07a6d00fc36db6e","","0","0","0","0.003327306623597034","6.00079749565725","1642.74","","","Withdraw",""
"0x57114a2dc5991d5f5acccc7d0266bbfbb4d1b3dd79d694c4defc4bf71de6fe58","16543045","1675364231","2023-02-02 18:57:11","0x75f2bbf3a10b67134a780fb7d6da5808265111f7","0x08d3f2cae4eacdcbfb0f7ffad07a6d00fc36db6e","","0","0","0","0.00516201855182328","9.30970045821329","1642.74","","","Stake",""
"0xc1698e2545ed4e68c6d6e2baaeedcba38bc1e1fc53f22cb152218bfb39cd938d","16543060","1675364411","2023-02-02 19:00:11","0x75f2bbf3a10b67134a780fb7d6da5808265111f7","0x08d3f2cae4eacdcbfb0f7ffad07a6d00fc36db6e","","0","0","0","0.00654963127791388","11.8122600097177","1642.74","","","Stake",""
"0x0db19bd990d6a97d10078b3f53fd6d57f77b30e3a1b9d8c85ef4de6524fec400","16543161","1675365635","2023-02-02 19:20:35","0x75f2bbf3a10b67134a780fb7d6da5808265111f7","0x08d3f2cae4eacdcbfb0f7ffad07a6d00fc36db6e","","0","0","0","0.005067541268702525","9.139310678105","1642.74","","","Stake",""
"0x5edbe12ba9b3d0ea689719e0f86e612896e9d22dada04e5af1a1327d4cc48750","16543185","1675365935","2023-02-02 19:25:35","0x75f2bbf3a10b67134a780fb7d6da5808265111f7","0x08d3f2cae4eacdcbfb0f7ffad07a6d00fc36db6e","","0","0","0","0.005714841832946027","10.3067172457182","1642.74","","","Stake",""
"0x200e48d0c79220a58e07fde5600d368db7ad42639099a5424a765f81c528dc61","16543275","1675367027","2023-02-02 19:43:47","0x75f2bbf3a10b67134a780fb7d6da5808265111f7","0x08d3f2cae4eacdcbfb0f7ffad07a6d00fc36db6e","","0","0","0","0.005004946606850465","9.02642120545481","1642.74","","","Stake",""
"0x5766bcb695e7af7dbee07e684725169857e3239605fcc765bfea8efb5ee552e4","16559381","1675561499","2023-02-05 01:44:59","0x03a0f12a0a03d93a749fa0f404e2018c0c5ea9af","0x08d3f2cae4eacdcbfb0f7ffad07a6d00fc36db6e","","0","0","0","0.002818224835626385","5.08266849105219","1629.80","","","Stake",""
"0x03dbeb1aaf690057e53bb8d29a4a7fba9300ea64cddae18dbfc90f18487ad138","16562342","1675597163","2023-02-05 11:39:23","0xd79b7570e9a612c2bbfa969ddd53610dbbe30bcd","0x08d3f2cae4eacdcbfb0f7ffad07a6d00fc36db6e","","0","0","0","0.00341041371092415","6.1506811276517","1629.80","","","Get Reward",""
"0xef3dff4d8e2820a69409952487a6ad274b312057920b970363f8f5371a9c015e","16575459","1675755443","2023-02-07 07:37:23","0x30a20b0281df39e6337c3cbe5865e6fdcdcce3f1","0x08d3f2cae4eacdcbfb0f7ffad07a6d00fc36db6e","","0","0","0","0.003532475135446402","6.37081890677759","1671.61","","","Get Reward",""
"0xe4f0e45b8a1e0ea357392884d728383cbad823e477c6c890482fedf8f87147bf","16575944","1675761299","2023-02-07 09:14:59","0x0eaee7557fb9f7bcec342baffd628a6bd2cd3bc7","0x08d3f2cae4eacdcbfb0f7ffad07a6d00fc36db6e","","0","0","0","0.003393237836618448","6.11970443834137","1671.61","","","Get Reward",""
"0x26b637e97521a6e6697853b2a3164986289d455484414b59f278144c49cc15db","16576329","1675765967","2023-02-07 10:32:47","0x75f2bbf3a10b67134a780fb7d6da5808265111f7","0x08d3f2cae4eacdcbfb0f7ffad07a6d00fc36db6e","","0","0","0","0.003459841270707528","6.23982373172103","1671.61","","","Get Reward",""
"0x12eee6dad86ade54fb824aa3ab69c555b987e78e5cae216cae1d0017e2a9ffde","16576354","1675766267","2023-02-07 10:37:47","0x1a7eedeadc8e38fadff8719f22d9ca54eda406a0","0x08d3f2cae4eacdcbfb0f7ffad07a6d00fc36db6e","","0","0","0","0.003695953321542646","6.66565181540216","1671.61","","","Get Reward",""
"0x467ce72d0d6bbbdd0e3b738216f211fc1d878a3f21dc63caec41a5013994ebde","16577175","1675776215","2023-02-07 13:23:35","0x933b7dfefae9e2e8385054d1c9b1143d9aeeb069","0x08d3f2cae4eacdcbfb0f7ffad07a6d00fc36db6e","","0","0","0","0.0048111714","8.6769476199","1671.61","","","Get Reward",""
"0xec521176293c16f30e82a841b18e1e871383e227b8e37de87a29c433b2ecb94a","16583507","1675852607","2023-02-08 10:36:47","0x1a7eedeadc8e38fadff8719f22d9ca54eda406a0","0x08d3f2cae4eacdcbfb0f7ffad07a6d00fc36db6e","","0","0","0","0.003603456262895445","6.49883337013194","1650.95","","","Stake",""
"0xb9ca4d09bbd4b341732c4e21fcd9ea4a5cb5f3bceefbf193888a2084da3d0095","16591502","1675949399","2023-02-09 13:29:59","0x8ed4877c476df391b77c1827184c072640924266","0x08d3f2cae4eacdcbfb0f7ffad07a6d00fc36db6e","","0","0","0","0.004138034629922916","7.46294545506598","1545.78","","","Get Reward",""
"0x9ea5f7e73a2050de8e23523ac4f6d6a33cbe3a82704b5167a146538ff5eaf197","16600073","1676052827","2023-02-10 18:13:47","0xd79b7570e9a612c2bbfa969ddd53610dbbe30bcd","0x08d3f2cae4eacdcbfb0f7ffad07a6d00fc36db6e","","0","0","0","0.004721295648496048","8.51485670206262","1513.79","","","Get Reward",""
"0x9c13b794f49505236646e3993886c1338b2e9dbe423306afd3e483443c6b6ff8","16625786","1676363171","2023-02-14 08:26:11","0x1a7eedeadc8e38fadff8719f22d9ca54eda406a0","0x08d3f2cae4eacdcbfb0f7ffad07a6d00fc36db6e","","0","0","0","0.002561258469637908","4.61922964999197","1556.14","","","Get Reward",""
"0x30bec1338dc0c6bf0c8ed89223fba7f14ec17c266047ba85be113a0a77ce55b2","16627030","1676378219","2023-02-14 12:36:59","0x75f2bbf3a10b67134a780fb7d6da5808265111f7","0x08d3f2cae4eacdcbfb0f7ffad07a6d00fc36db6e","","0","0","0","0.002470669720518896","4.45585284095583","1556.14","","","Get Reward",""
"0x49de56d3ab70393224a6598618e454e2c9b0bcebf1eb8e79e5e323456a932ef0","16651355","1676672591","2023-02-17 22:23:11","0x30a20b0281df39e6337c3cbe5865e6fdcdcce3f1","0x08d3f2cae4eacdcbfb0f7ffad07a6d00fc36db6e","","0","0","0","0.00683992220790359","12.3357997019541","1694.30","","","Get Reward",""
"0xcbad1192ff06de128224d6c056ff934da094758118e424581c743fdeb4b990e6","16654508","1676711003","2023-02-18 09:03:23","0x79b60c8d4168c32c49c454e911fa847c7f4467d0","0x08d3f2cae4eacdcbfb0f7ffad07a6d00fc36db6e","","0","0","0","0.004242209119324475","7.65082414670169","1691.98","","","Stake",""
"0x841bdbdfd94168a73600d5542b2ff2e3c8f2db05f0486d1c80287474e8009e32","16669328","1676890931","2023-02-20 11:02:11","0x75f2bbf3a10b67134a780fb7d6da5808265111f7","0x08d3f2cae4eacdcbfb0f7ffad07a6d00fc36db6e","","0","0","0","0.005139185799150135","9.26852158876727","1703.53","","","Withdraw",""
"0xc6719ed92db43b9e3b6b655beb2d9ebea56ecdf015388e1a55642c8bb3604d33","16675619","1676967299","2023-02-21 08:14:59","0x75f2bbf3a10b67134a780fb7d6da5808265111f7","0x08d3f2cae4eacdcbfb0f7ffad07a6d00fc36db6e","","0","0","0","0.004821393818822007","8.69538375224549","1659.64","","","Withdraw",""
"0x36027e108e67ae5c0c38e58aa528306d0dcfef65e86499db9c9df0a70a622aa4","16677608","1676991347","2023-02-21 14:55:47","0xd79b7570e9a612c2bbfa969ddd53610dbbe30bcd","0x08d3f2cae4eacdcbfb0f7ffad07a6d00fc36db6e","","0","0","0","0.009076985689800585","16.3703436915554","1659.64","","","Withdraw",""
"0x1ad7f6c5077e59fe45bbf72e70d729f0964c9465f9e5c4a71bb3f14d89c2f958","16705656","1677332459","2023-02-25 13:40:59","0xe0dc24a3d7478eb840dc63baa20fcb06cdb123be","0x08d3f2cae4eacdcbfb0f7ffad07a6d00fc36db6e","","0","0","0","0.003091697096188698","5.57587571297632","1594.76","","","Get Reward",""
"0xda27527ec0e61ba9480901ba4b1ac41a1d65688ed5614813606ed2fb0556299d","16707408","1677353807","2023-02-25 19:36:47","0x30a20b0281df39e6337c3cbe5865e6fdcdcce3f1","0x08d3f2cae4eacdcbfb0f7ffad07a6d00fc36db6e","","0","0","0","0.003473412800301094","6.26429998534302","1594.76","","","Get Reward",""
"0x01aa2f54c150773474dbb3b4fcc3047b11d333eaf819adf602317a236c6e0729","16735093","1677689771","2023-03-01 16:56:11","0xd79b7570e9a612c2bbfa969ddd53610dbbe30bcd","0x08d3f2cae4eacdcbfb0f7ffad07a6d00fc36db6e","","0","0","0","0.011358138578742891","20.4844029267628","1665.59","","","Withdraw",""
"0x72f236037cfbdbc8b8305bd1d1b63d73c585a61b83aafd2b46c2bdbdca87bb0b","16737301","1677716615","2023-03-02 00:23:35","0x6d4983491593010e44f260e67f06969066701e50","0x08d3f2cae4eacdcbfb0f7ffad07a6d00fc36db6e","","0","0","0","0.006252567051852135","11.2765046780153","1647.77","","","Withdraw",""
"0x9b3fb0eee546888a97eca4a47657d544d16e9f94b4811fbcd8ecb2a3932cc1d8","16759932","1677991727","2023-03-05 04:48:47","0x291f34a777edbba13554f72e79d74862f5e824e2","0x08d3f2cae4eacdcbfb0f7ffad07a6d00fc36db6e","","0","0","0","0.003137117873421776","5.65779208471617","1564.75","","","Stake",""
"0xe57546929a3d3da14cc872d8065701bc96052868973d0c8bd560abf9af6a19a9","16785521","1678302623","2023-03-08 19:10:23","0x30a20b0281df39e6337c3cbe5865e6fdcdcce3f1","0x08d3f2cae4eacdcbfb0f7ffad07a6d00fc36db6e","","0","0","0","0.010822802589713022","19.5189244705474","1532.60","","","Withdraw",""
"0x72266f6b9622b84aa7817047ca6b457c95a1b6d90ddf97bb7064459ff5f94149","16805839","1678549847","2023-03-11 15:50:47","0x30a20b0281df39e6337c3cbe5865e6fdcdcce3f1","0x08d3f2cae4eacdcbfb0f7ffad07a6d00fc36db6e","","0","0","0","0.009877890590790741","17.8147756804911","1483.07","","","Withdraw",""
"0x67ff7078fd6b13b956cc16a04bf083e8cec1de51700ca51de319f25ad8e36a33","16807981","1678575875","2023-03-11 23:04:35","0xe0dc24a3d7478eb840dc63baa20fcb06cdb123be","0x08d3f2cae4eacdcbfb0f7ffad07a6d00fc36db6e","","0","0","0","0.003480024465006465","6.27622412263916","1483.07","","","Stake",""
"0x4def486c008a5da8eb7609eeec4a69f67dc65a685e9fadc7fed548214b7a3140","16823986","1678770191","2023-03-14 05:03:11","0xe0dc24a3d7478eb840dc63baa20fcb06cdb123be","0x08d3f2cae4eacdcbfb0f7ffad07a6d00fc36db6e","","0","0","0","0.002131727192858744","3.84456999232075","1705.17","","","Stake",""
"0x46d89aa5be551cf50eb5b2e5a670f9d2f3d84394992f9408fe5665d89613f768","16835963","1678915703","2023-03-15 21:28:23","0x8ed4877c476df391b77c1827184c072640924266","0x08d3f2cae4eacdcbfb0f7ffad07a6d00fc36db6e","","0","0","0","0.004124690567571272","7.43887943861479","1656.21","","","Get Reward",""
"0x121e20ac27ef97607587291c1e41d3377bfc6253213ec814e20a4b1141ba1284","16839155","1678954439","2023-03-16 08:13:59","0x1a7eedeadc8e38fadff8719f22d9ca54eda406a0","0x08d3f2cae4eacdcbfb0f7ffad07a6d00fc36db6e","","0","0","0","0.002798732395597212","5.04751387545957","1677.00","","","Get Reward",""
"0x76b009018436e50b05473de7dfc4c3c8438782b563ecab0dcf8769df1b356da6","16839164","1678954547","2023-03-16 08:15:47","0x79b60c8d4168c32c49c454e911fa847c7f4467d0","0x08d3f2cae4eacdcbfb0f7ffad07a6d00fc36db6e","","0","0","0","0.002442140798254144","4.40440092965135","1677.00","","","Stake",""
"0xe6b0bd54cc9731c0fd6154e3aa7d1c2e1f2b9e608e0b3be40f340cabf29ed991","16857511","1679177255","2023-03-18 22:07:35","0x5b520e99129194105c465230d3cb6c9e4b172147","0x08d3f2cae4eacdcbfb0f7ffad07a6d00fc36db6e","","0","0","0","0.003197543883245192","5.7667703934327","1763.20","","","Get Reward",""
"0xeb0a422c0a5939a9e4303e1d83dc5c4872766dca7a6584b05567c623e22ee54c","16868090","1679305679","2023-03-20 09:47:59","0xd79b7570e9a612c2bbfa969ddd53610dbbe30bcd","0x08d3f2cae4eacdcbfb0f7ffad07a6d00fc36db6e","","0","0","0","0.003321871554082768","5.99099534778827","1738.45","","","Get Reward",""
"0x51720c91f7fd38099c18fd92d07f784792cad966b18547f64c8860d4959daa73","16868782","1679314055","2023-03-20 12:07:35","0x75f2bbf3a10b67134a780fb7d6da5808265111f7","0x08d3f2cae4eacdcbfb0f7ffad07a6d00fc36db6e","","0","0","0","0.002417192203914356","4.35940613975954","1738.45","","","Get Reward",""
"0xf07979ba1d1252c83aa64935479e7b8eb2a9dd83e12d5008053dd09419f847eb","16888703","1679555795","2023-03-23 07:16:35","0xd79b7570e9a612c2bbfa969ddd53610dbbe30bcd","0x08d3f2cae4eacdcbfb0f7ffad07a6d00fc36db6e","","0","0","0","0.001577111609249972","2.84432078728232","1817.28","","","Stake",""
"0x5ae59830e925e1a6f9fa1739e8121eebcf6eb7396cdd5718c0f2e167e1b30e9f","16888830","1679557331","2023-03-23 07:42:11","0xd79b7570e9a612c2bbfa969ddd53610dbbe30bcd","0x08d3f2cae4eacdcbfb0f7ffad07a6d00fc36db6e","","0","0","0","0.001374917990103738","2.47966459515209","1817.28","","","Get Reward",""
"0x950b079720abeb9797ae80cc6ca7170de2450b9d898a42f5e0d79cf0061523e8","16889033","1679559827","2023-03-23 08:23:47","0x79b60c8d4168c32c49c454e911fa847c7f4467d0","0x08d3f2cae4eacdcbfb0f7ffad07a6d00fc36db6e","","0","0","0","0.002030338300804034","3.66171512550008","1817.28","","","Get Reward",""
"0xd2142be6eb04eb39658358cf0a033bad8b89a893710c29088c10c6005d1cc095","16904878","1679752151","2023-03-25 13:49:11","0x6d4983491593010e44f260e67f06969066701e50","0x08d3f2cae4eacdcbfb0f7ffad07a6d00fc36db6e","","0","0","0","0.002424649109663745","4.37285466927856","1743.88","","","Stake",""
