"Txhash","Blockno","UnixTimestamp","DateTime","From","To","Quantity","Method"
"0x542ff7199ac430b003fb65e8ca7224220517af1c4548c7025d36bd5377af73ba","15768378","1666016399","2022-10-17 14:19:59","0x0000000000000000000000000000000000000000","0x0000000000000000000000000000000000000000","0.000000000001","Join Pool"
"0x542ff7199ac430b003fb65e8ca7224220517af1c4548c7025d36bd5377af73ba","15768378","1666016399","2022-10-17 14:19:59","0x0000000000000000000000000000000000000000","0x78e869870e425a4d78bc18c46be9a6b9b8417cb5","1.21257325320729421","Join Pool"
"0xdc2a0e580a9d690813d130a431120150fe09693fcdb16e72d9de9608ed94643d","15769376","1666028435","2022-10-17 17:40:35","0x78e869870e425a4d78bc18c46be9a6b9b8417cb5","0x08d3f2cae4eacdcbfb0f7ffad07a6d00fc36db6e","1.21257325320729421","Stake"
"0x326ba6a074da80ab351d9a22900c0142ed7c106cc81e1f2d836c83dd1d3c7b94","15773145","1666073819","2022-10-18 06:16:59","0x0000000000000000000000000000000000000000","0xe0dc24a3d7478eb840dc63baa20fcb06cdb123be","3,634.082039865185034963","Join Pool"
"0x81b04b500621c8f325ca077d1de19950598b204c5b05abeb94a8142296d35728","15773149","1666073867","2022-10-18 06:17:47","0xe0dc24a3d7478eb840dc63baa20fcb06cdb123be","0x08d3f2cae4eacdcbfb0f7ffad07a6d00fc36db6e","3,634.082039865185034963","Stake"
"0x97cd2d7cf69129a8d3cc12fe659b854f59d263ea3c9b2a0385af317ece2991ed","15773396","1666076843","2022-10-18 07:07:23","0x0000000000000000000000000000000000000000","0x30a20b0281df39e6337c3cbe5865e6fdcdcce3f1","2,657.42249165129069788","Join Pool"
"0x15340ce0289fe3fe00a46cd70a9653cb405ef6e76983a19a754d96217bff1e2c","15773403","1666076927","2022-10-18 07:08:47","0x30a20b0281df39e6337c3cbe5865e6fdcdcce3f1","0x08d3f2cae4eacdcbfb0f7ffad07a6d00fc36db6e","2,657.42249165129069788","Stake"
"0x8a025f9627e7783a74228a47f23930a7c07dcbfdbca5dfe9250fa235d824a08d","15773417","1666077095","2022-10-18 07:11:35","0x0000000000000000000000000000000000000000","0x30a20b0281df39e6337c3cbe5865e6fdcdcce3f1","1,595.45717785666039758","Join Pool"
"0xfe0e684e86dc958d5f2078dfc738b392eb22570f143d4e86f76e1d528eb3a00f","15773421","1666077143","2022-10-18 07:12:23","0x30a20b0281df39e6337c3cbe5865e6fdcdcce3f1","0x08d3f2cae4eacdcbfb0f7ffad07a6d00fc36db6e","1,595.45717785666039758","Stake"
"0xdc020f0822372ae8cd903cc15063323400d0bec48b4c9a19860ea46bec56d6b6","15773475","1666077791","2022-10-18 07:23:11","0x0000000000000000000000000000000000000000","0xe0dc24a3d7478eb840dc63baa20fcb06cdb123be","151,818.258340666497836055","Join Pool"
"0x890f4e1d85399c583252e636326baec9efce1c1086d7e80423d82ef74b3088ed","15773480","1666077851","2022-10-18 07:24:11","0xe0dc24a3d7478eb840dc63baa20fcb06cdb123be","0x08d3f2cae4eacdcbfb0f7ffad07a6d00fc36db6e","151,818.258340666497836055","Stake"
"0x8960d6806e0dc3182b188fb6fe5e3bcf7fcee101cda3fabb386407a1fe755f59","15773729","1666080851","2022-10-18 08:14:11","0x0000000000000000000000000000000000000000","0x0eaee7557fb9f7bcec342baffd628a6bd2cd3bc7","6,122.967952965565235296","Join Pool"
"0x7e825cfbc772d4b03dc1e888b370a31faf313e6ad07bf3a017a858e2009fa994","15773806","1666081775","2022-10-18 08:29:35","0x0eaee7557fb9f7bcec342baffd628a6bd2cd3bc7","0x08d3f2cae4eacdcbfb0f7ffad07a6d00fc36db6e","6,122.967952965565235296","Stake"
"0x78b178770a6823f4da7c89f0a65d8fba4b2cac70891241db7b9235b169d78d90","15774533","1666090583","2022-10-18 10:56:23","0x0000000000000000000000000000000000000000","0xec21f7151b60744fba6721ba5b69f697361bcd0c","586,175.014472316553769034","Exec Transaction"
"0x21325a73102fde0c02d58f338af28443788f9915b177a56bd9165797826a66a9","15774584","1666091195","2022-10-18 11:06:35","0xec21f7151b60744fba6721ba5b69f697361bcd0c","0x08d3f2cae4eacdcbfb0f7ffad07a6d00fc36db6e","586,175.014472316553769034","Exec Transaction"
"0x1dc5419fca9104489dbb802d52a142e6c366fb4627c8bcbd5f9d0ba053e4adff","15775312","1666099991","2022-10-18 13:33:11","0x0000000000000000000000000000000000000000","0x933b7dfefae9e2e8385054d1c9b1143d9aeeb069","176,513.614759332715745479","Join Pool"
"0x00248b422ba5763d2d9e4ded4e5477c5a463a73c580a2fa3daf0c55b92c7adc3","15775322","1666100111","2022-10-18 13:35:11","0x933b7dfefae9e2e8385054d1c9b1143d9aeeb069","0x08d3f2cae4eacdcbfb0f7ffad07a6d00fc36db6e","176,513.614759332715745479","Stake"
"0x954521a872f70760906d9c332478b724819a3ca94343fe3db63443bb237d23d2","15775871","1666106723","2022-10-18 15:25:23","0x08d3f2cae4eacdcbfb0f7ffad07a6d00fc36db6e","0x30a20b0281df39e6337c3cbe5865e6fdcdcce3f1","4,252.87966950795109546","Withdraw"
"0x99658bfeeddfbea44febacba318cc1d83871d9ed8bf452d3ad3b12cbd84e93c1","15775876","1666106783","2022-10-18 15:26:23","0x30a20b0281df39e6337c3cbe5865e6fdcdcce3f1","0x0000000000000000000000000000000000000000","4,252.87966950795109546","Exit Pool"
"0xf19f0eb380ae634a3fd42fa082ce90748551e089dd519df79fd462c0c8fdc27b","15778008","1666132451","2022-10-18 22:34:11","0x0000000000000000000000000000000000000000","0x8ed4877c476df391b77c1827184c072640924266","75,830.914100924226586614","Join Pool"
"0x7142fd8b319ae5e2c147520b300a71db48c639731d270a8e2b03e1e0746cf275","15778018","1666132571","2022-10-18 22:36:11","0x8ed4877c476df391b77c1827184c072640924266","0x08d3f2cae4eacdcbfb0f7ffad07a6d00fc36db6e","75,830.914100924226586614","Stake"
"0xc073910d1cacafd475b3567e0fa0ab8377144898ac24530c3ba899a716b7b4fa","15804204","1666448423","2022-10-22 14:20:23","0x0000000000000000000000000000000000000000","0x5b520e99129194105c465230d3cb6c9e4b172147","151,666.746817163600334428","Join Pool"
"0x3e1de2198c5cb5f1df4d1138716840ea6595c7831ce73847b4b2ffbd6829d81c","15804211","1666448507","2022-10-22 14:21:47","0x5b520e99129194105c465230d3cb6c9e4b172147","0x08d3f2cae4eacdcbfb0f7ffad07a6d00fc36db6e","151,666.746817163600334428","Stake"
"0x4096a194bb442d3028d13cc6d4a9a29d7c3fad368302dd1d09a2d922fc0352f6","15830082","1666761203","2022-10-26 05:13:23","0x0000000000000000000000000000000000000000","0x03a0f12a0a03d93a749fa0f404e2018c0c5ea9af","2,517.096133430779680566","Join Pool"
"0x0cbfe60cca348aa9455336e76b1f9cf0a49d4f3562aef85854d547f34e2628f0","15830096","1666761371","2022-10-26 05:16:11","0x03a0f12a0a03d93a749fa0f404e2018c0c5ea9af","0x08d3f2cae4eacdcbfb0f7ffad07a6d00fc36db6e","2,517.096133430779680566","Stake"
"0x2afca0ce9717f3f65fb460b1c9d93d5efd724d52d1e458a4f52f39264e424a30","15874153","1667293235","2022-11-01 09:00:35","0x0000000000000000000000000000000000000000","0x1a7eedeadc8e38fadff8719f22d9ca54eda406a0","60,608.799988202202030668","Join Pool"
"0x96cec96d95a964d41edca804886f6e762385facc796216f2c12e9889a7a1d9e8","15874156","1667293271","2022-11-01 09:01:11","0x1a7eedeadc8e38fadff8719f22d9ca54eda406a0","0x08d3f2cae4eacdcbfb0f7ffad07a6d00fc36db6e","60,608.799988202202030668","Stake"
"0x29efd699637c0df0e01615abf909f4183fb39fddd47ea434a940c4fe220a7744","16146741","1670584055","2022-12-09 11:07:35","0x0000000000000000000000000000000000000000","0x30a20b0281df39e6337c3cbe5865e6fdcdcce3f1","30,800.921819859860009696","Join Pool"
"0x1b758a8ce4becd9edcfc2753b1b976c836f9bb257762f23bd49d2d95604704af","16146746","1670584115","2022-12-09 11:08:35","0x30a20b0281df39e6337c3cbe5865e6fdcdcce3f1","0x08d3f2cae4eacdcbfb0f7ffad07a6d00fc36db6e","30,800.921819859860009696","Stake"
"0x93cd0f112743bacef397941a5d8fe7761b99ea80094d0feb4b1b2b1ec66399bf","16160104","1670745275","2022-12-11 07:54:35","0x0000000000000000000000000000000000000000","0x87fc1313880d579039ac48db8b25428ed5f33c4a","7,587.504808988861971322","Join Pool"
"0xf79b4a5eee9aa4b8c7fe3f03bf413b9a117d1e270b36d40f1b8625252a439570","16160112","1670745371","2022-12-11 07:56:11","0x87fc1313880d579039ac48db8b25428ed5f33c4a","0x08d3f2cae4eacdcbfb0f7ffad07a6d00fc36db6e","7,587.504808988861971322","Stake"
"0x1a10bd6060f6fa67bb6ed4daabb0807ec58a08476cdd998bf6c1335614e3ce8b","16161857","1670766395","2022-12-11 13:46:35","0x0000000000000000000000000000000000000000","0x5792587c01e588f3d98f61d662a8b82b50890049","12,347.238820498163452125","Join Pool"
"0x3a0e16b39b2c288a8eb7468c960c8297e926997dbc4f40457c9f79f5b82a3507","16161872","1670766575","2022-12-11 13:49:35","0x5792587c01e588f3d98f61d662a8b82b50890049","0x08d3f2cae4eacdcbfb0f7ffad07a6d00fc36db6e","12,347.238820498163452125","Stake"
"0x97e63146906857402a7bdcbd528de0f5a5636774c18b0778dabafd2ad4af5493","16170222","1670867423","2022-12-12 17:50:23","0x08d3f2cae4eacdcbfb0f7ffad07a6d00fc36db6e","0x5792587c01e588f3d98f61d662a8b82b50890049","12,347.238820498163452125","Withdraw"
"0xbc5e016d1ab188f410c733a227fbcf819e304f10ce528b3abe99a7ddfa439e6a","16170259","1670867867","2022-12-12 17:57:47","0x5792587c01e588f3d98f61d662a8b82b50890049","0x0000000000000000000000000000000000000000","12,347.238820498163452125","Exit Pool"
"0x8daef0668ce0d67b22c933b09f1567966726a32b17eae3c05a48d8f4fecc731e","16186973","1671069623","2022-12-15 02:00:23","0x0000000000000000000000000000000000000000","0x933b7dfefae9e2e8385054d1c9b1143d9aeeb069","3,977.468955512616525637","Join Pool"
"0x006fb7e58125ed89ec56904f3c4f4c9e07929e0a4ccda5ec362629cc6616aab7","16186979","1671069695","2022-12-15 02:01:35","0x933b7dfefae9e2e8385054d1c9b1143d9aeeb069","0x08d3f2cae4eacdcbfb0f7ffad07a6d00fc36db6e","3,977.468955512616525637","Stake"
"0xf96a1de91c3f590187d17818b63032146d808350a7e2d47cda4d4721617c1e71","16269068","1672059395","2022-12-26 12:56:35","0x0000000000000000000000000000000000000000","0x341a85f21a1e2f60e70e1b5b326e1fc70af8da4b","2,188.337639646762343844","Join Pool"
"0x322b612e579c8f3ff48006e9d0f5b81739ace1356318b4bb9c8bde25369b692c","16269081","1672059551","2022-12-26 12:59:11","0x341a85f21a1e2f60e70e1b5b326e1fc70af8da4b","0x08d3f2cae4eacdcbfb0f7ffad07a6d00fc36db6e","2,188.337639646762343844","Stake"
"0x129043329b4807ca204f64a6f7c164f556cdda25b7dff4e08bb4f2d2b27421f0","16330258","1672797131","2023-01-04 01:52:11","0x0000000000000000000000000000000000000000","0x933b7dfefae9e2e8385054d1c9b1143d9aeeb069","1,499.121179018067072144","Join Pool"
"0x06871f6dc25fe77ed2e0d92540bebef2bc5bd4643e701cae5ce586161e91e33f","16330268","1672797251","2023-01-04 01:54:11","0x933b7dfefae9e2e8385054d1c9b1143d9aeeb069","0x08d3f2cae4eacdcbfb0f7ffad07a6d00fc36db6e","1,499.121179018067072144","Stake"
"0x8ee7d2ef24859f479821a58489397953a600119c0e8eed1400b3b1e3c0fa5447","16369306","1673268035","2023-01-09 12:40:35","0x08d3f2cae4eacdcbfb0f7ffad07a6d00fc36db6e","0xe0dc24a3d7478eb840dc63baa20fcb06cdb123be","12,500","Withdraw"
"0x270d84bb02540d98542ac782a5f3bfeebc3740f43ac9aa394885695e5f153bc8","16369397","1673269127","2023-01-09 12:58:47","0xe0dc24a3d7478eb840dc63baa20fcb06cdb123be","0x0000000000000000000000000000000000000000","12,500","Exit Pool"
"0xc4699be5285c50c9632284f2c0ce907375737fa7534e09e56004ee29d146415c","16393267","1673557283","2023-01-12 21:01:23","0x0000000000000000000000000000000000000000","0x30a20b0281df39e6337c3cbe5865e6fdcdcce3f1","67,917.216067369772416243","Join Pool"
"0x28b9b665b3cbf0d852e5da70b7c625fb31f6f167a7a93a8bf89a537e28834700","16393273","1673557355","2023-01-12 21:02:35","0x30a20b0281df39e6337c3cbe5865e6fdcdcce3f1","0x08d3f2cae4eacdcbfb0f7ffad07a6d00fc36db6e","67,917.216067369772416243","Stake"
"0x2be8b0b226c7152083ea3f5fef0d93dbf0c7d5d0d37da7bb009f31683f13a3d6","16396188","1673592539","2023-01-13 06:48:59","0x0000000000000000000000000000000000000000","0x30a20b0281df39e6337c3cbe5865e6fdcdcce3f1","9,011.434760853402411637","Join Pool"
"0x9fcf4210c5490861aaa8e1e22f2e7fa5f8bf379aefc1470460cf257b228fe5fd","16396193","1673592611","2023-01-13 06:50:11","0x30a20b0281df39e6337c3cbe5865e6fdcdcce3f1","0x08d3f2cae4eacdcbfb0f7ffad07a6d00fc36db6e","9,011.434760853402411637","Stake"
"0xede49e414de8390c838c59e64fffeeb769c1ab19c3b7e58e6fc23a82a6400579","16454438","1674295223","2023-01-21 10:00:23","0x0000000000000000000000000000000000000000","0x6d4983491593010e44f260e67f06969066701e50","8,063.289914360168281933","Join Pool"
"0x5092edac948f827dc59dc04594c8d6b413e5592000d0bbb74f0ee081d018f230","16454447","1674295331","2023-01-21 10:02:11","0x6d4983491593010e44f260e67f06969066701e50","0x08d3f2cae4eacdcbfb0f7ffad07a6d00fc36db6e","8,063.289914360168281933","Stake"
"0xd68516bb3f0352b29b25db9b237453ba9f7cd68495861a57570caa69faa52045","16457580","1674333047","2023-01-21 20:30:47","0x0000000000000000000000000000000000000000","0xe0dc24a3d7478eb840dc63baa20fcb06cdb123be","15,249.471197121499004319","Join Pool"
"0x06c6c3a8de49d306eacc629196be0f69e7589ed9d45b05d14d28ec0bc42bcbcf","16457585","1674333107","2023-01-21 20:31:47","0xe0dc24a3d7478eb840dc63baa20fcb06cdb123be","0x08d3f2cae4eacdcbfb0f7ffad07a6d00fc36db6e","15,249.471197121499004319","Stake"
"0x1537c1ccc1de4c0a01e8f39e3a7b08d764747f42481197c1dae20ec1c8410b78","16492793","1674757835","2023-01-26 18:30:35","0x0000000000000000000000000000000000000000","0xd79b7570e9a612c2bbfa969ddd53610dbbe30bcd","15,249.521746406398274235","Join Pool"
"0xb0856c0c3f454cf1246d99288aab3b6ce5e23b6cc57bf07b1c19686fa9f8b6fd","16492808","1674758015","2023-01-26 18:33:35","0xd79b7570e9a612c2bbfa969ddd53610dbbe30bcd","0x08d3f2cae4eacdcbfb0f7ffad07a6d00fc36db6e","15,249.521746406398274235","Stake"
"0x1468eb51d7a409948e868f0ca114cc7a93853ddd572c3ece5adbfdb6180596ec","16492963","1674759875","2023-01-26 19:04:35","0x0000000000000000000000000000000000000000","0xd79b7570e9a612c2bbfa969ddd53610dbbe30bcd","30,499.04349283886601086","Join Pool"
"0x2ae4832085ee1bf9f422b4f19616d6ce62794a7933b32482f82975eefa50e0ee","16492969","1674759947","2023-01-26 19:05:47","0xd79b7570e9a612c2bbfa969ddd53610dbbe30bcd","0x08d3f2cae4eacdcbfb0f7ffad07a6d00fc36db6e","30,499.04349283886601086","Stake"
"0xb39c430a303c1d1b5c42055652d193182b5833b12b1aaa6eded991b839f36752","16493081","1674761291","2023-01-26 19:28:11","0x0000000000000000000000000000000000000000","0xd79b7570e9a612c2bbfa969ddd53610dbbe30bcd","15,084.752593980842055626","Join Pool"
"0xae1c643a922858d5f52aba79253f60bb195936d4c4765b12189d3449f4c9fe7b","16493101","1674761531","2023-01-26 19:32:11","0xd79b7570e9a612c2bbfa969ddd53610dbbe30bcd","0x08d3f2cae4eacdcbfb0f7ffad07a6d00fc36db6e","15,084.752593980842055626","Stake"
"0xcbc8a89e58edd081d03e8d3450292d45e2289d198a9bea37876df033bdc8aaa6","16493187","1674762563","2023-01-26 19:49:23","0x0000000000000000000000000000000000000000","0xd79b7570e9a612c2bbfa969ddd53610dbbe30bcd","47,152.394279479935309587","Join Pool"
"0xe1e5b828c5dcec20be40522a8ad7858d6e8a3a2a33071442849ff55a2b3526c6","16493223","1674762995","2023-01-26 19:56:35","0xd79b7570e9a612c2bbfa969ddd53610dbbe30bcd","0x08d3f2cae4eacdcbfb0f7ffad07a6d00fc36db6e","47,152.394279479935309587","Stake"
"0xbd46b734bef42d3191f8a76cf3375f8bc21802d0efb1a411f93fc7cc3067c721","16493285","1674763751","2023-01-26 20:09:11","0x0000000000000000000000000000000000000000","0xd79b7570e9a612c2bbfa969ddd53610dbbe30bcd","20,622.558598391277591352","Join Pool"
"0xe77fce18012a0b0b712a0f42430005a37dc1c317c53cd881f067f7ae87377a92","16493316","1674764135","2023-01-26 20:15:35","0xd79b7570e9a612c2bbfa969ddd53610dbbe30bcd","0x08d3f2cae4eacdcbfb0f7ffad07a6d00fc36db6e","20,622.558598391277591352","Stake"
"0xa8e2ca857acd633a338ba1dcb7f9375ac2b16a557ae2895f3a4b90b6b2788ba4","16505589","1674912215","2023-01-28 13:23:35","0x0000000000000000000000000000000000000000","0x75f2bbf3a10b67134a780fb7d6da5808265111f7","1,499.220520883274057873","Join Pool"
"0xfe3ab7b274452cda964c3069f88705b10bf1933e1060e96051188e1a69928fae","16505595","1674912287","2023-01-28 13:24:47","0x75f2bbf3a10b67134a780fb7d6da5808265111f7","0x08d3f2cae4eacdcbfb0f7ffad07a6d00fc36db6e","1,499.220520883274057873","Stake"
"0x63028305146e9ad3e1ba7a4fd16db4b6cde6a8975211cc4db4e4e279e74250b8","16505625","1674912659","2023-01-28 13:30:59","0x0000000000000000000000000000000000000000","0x75f2bbf3a10b67134a780fb7d6da5808265111f7","3,748.051302252411394532","Join Pool"
"0x18b7a2910b8d6c1c37b30531634d25940124dccb9394e511d932a150e70fb1b6","16505660","1674913079","2023-01-28 13:37:59","0x75f2bbf3a10b67134a780fb7d6da5808265111f7","0x08d3f2cae4eacdcbfb0f7ffad07a6d00fc36db6e","3,748.051302252411394532","Stake"
"0x8939d5e7beed0cfea14e3a2813dd0e0a8644505d7e06fac7816be7913bbe1750","16507256","1674932291","2023-01-28 18:58:11","0x0000000000000000000000000000000000000000","0x75f2bbf3a10b67134a780fb7d6da5808265111f7","15,463.278690742259639744","Join Pool"
"0xd834860a6f3822e6cee36324aaac2e5dcf209210c34a809a5bcc8787ff5ddbb2","16507260","1674932339","2023-01-28 18:58:59","0x75f2bbf3a10b67134a780fb7d6da5808265111f7","0x08d3f2cae4eacdcbfb0f7ffad07a6d00fc36db6e","15,463.278690742259639744","Stake"
"0xe876bf939363d162fcfe02fe1d0168771ea528a538837c05960d58ca9ff1fcb4","16507278","1674932555","2023-01-28 19:02:35","0x0000000000000000000000000000000000000000","0x75f2bbf3a10b67134a780fb7d6da5808265111f7","7,574.403580332577200155","Join Pool"
"0xcfb0277ef29181f612febab74b6cb7643de29f705b3e7f234c04a2ead99e893b","16507281","1674932591","2023-01-28 19:03:11","0x75f2bbf3a10b67134a780fb7d6da5808265111f7","0x08d3f2cae4eacdcbfb0f7ffad07a6d00fc36db6e","7,574.403580332577200155","Stake"
"0x1dccb0775cb4e20b75a949980c3108fa3c5e6622abe2976eeab3a714ce5742fc","16507364","1674933599","2023-01-28 19:19:59","0x0000000000000000000000000000000000000000","0x75f2bbf3a10b67134a780fb7d6da5808265111f7","30,297.614321419465793575","Join Pool"
"0x24d31ecde901aa9f608e6c788e0e766c57f317f863e5bd89cf187c9ec54e1bef","16507367","1674933635","2023-01-28 19:20:35","0x75f2bbf3a10b67134a780fb7d6da5808265111f7","0x08d3f2cae4eacdcbfb0f7ffad07a6d00fc36db6e","30,297.614321419465793575","Stake"
"0x6ced61d82c1341aef732a38ad4a99a2ff44710ee6bccf2be5c8777a586931be2","16507420","1674934271","2023-01-28 19:31:11","0x0000000000000000000000000000000000000000","0x75f2bbf3a10b67134a780fb7d6da5808265111f7","6,059.522864259072086853","Join Pool"
"0xd40c07a7dd11ee306f2448776e83a0d692adaeb78a412e2a8d1131c277957959","16507424","1674934319","2023-01-28 19:31:59","0x75f2bbf3a10b67134a780fb7d6da5808265111f7","0x08d3f2cae4eacdcbfb0f7ffad07a6d00fc36db6e","6,059.522864259072086853","Stake"
"0x641312a7c403e52ac15a8cde681dc28a9301213c5e907c17211472a98596389c","16507465","1674934823","2023-01-28 19:40:23","0x0000000000000000000000000000000000000000","0x75f2bbf3a10b67134a780fb7d6da5808265111f7","2,272.321074077782938655","Join Pool"
"0xaa102d87b377b415b1487522aaf2038e47681d273131166e273c5ea87f950929","16507469","1674934871","2023-01-28 19:41:11","0x75f2bbf3a10b67134a780fb7d6da5808265111f7","0x08d3f2cae4eacdcbfb0f7ffad07a6d00fc36db6e","2,272.321074077782938655","Stake"
"0x040de500b9635da8d6af7c554f9948700e0ee0dc898aeef1501e0ba26965cc3f","16512472","1674995243","2023-01-29 12:27:23","0x0000000000000000000000000000000000000000","0xd79b7570e9a612c2bbfa969ddd53610dbbe30bcd","60,066.741707548125359183","Join Pool"
"0xe6ff44ab0efd4438e8711cd86ead68ce5782ebce6cd837cf18e24c2c1ce62712","16512475","1674995279","2023-01-29 12:27:59","0xd79b7570e9a612c2bbfa969ddd53610dbbe30bcd","0x08d3f2cae4eacdcbfb0f7ffad07a6d00fc36db6e","60,066.741707548125359183","Stake"
"0x5bc1609b074c3c05c319d774ce8014c4e7df589c84217b4543b42f05b57302ca","16534457","1675260443","2023-02-01 14:07:23","0x0000000000000000000000000000000000000000","0x8ed4877c476df391b77c1827184c072640924266","45,468.6173094813171477","Join Pool"
"0x63167aa06dd352a5a61fdff4b99fddec0492190daf72273890cca47e0cfc13ac","16534460","1675260479","2023-02-01 14:07:59","0x8ed4877c476df391b77c1827184c072640924266","0x08d3f2cae4eacdcbfb0f7ffad07a6d00fc36db6e","45,468.6173094813171477","Stake"
"0x78fe2b449d8fba83324d42584ea7e55a5ef7088503bce4993b879c76a2b44b67","16539822","1675325231","2023-02-02 08:07:11","0x08d3f2cae4eacdcbfb0f7ffad07a6d00fc36db6e","0x75f2bbf3a10b67134a780fb7d6da5808265111f7","66,914.412353966843111387","Withdraw"
"0x90b927a363c391b2faf5bef8ffeac44364748b67d87ba4a9eab0db05fe705ab9","16539834","1675325375","2023-02-02 08:09:35","0x75f2bbf3a10b67134a780fb7d6da5808265111f7","0x0000000000000000000000000000000000000000","66,914.412353966843111387","Exit Pool"
"0x24eb612d6bab2568af81cdca63aa50f24f9fbd374c3f1088c2dd46c8dfa83258","16543042","1675364195","2023-02-02 18:56:35","0x0000000000000000000000000000000000000000","0x75f2bbf3a10b67134a780fb7d6da5808265111f7","18,011.656400787549072512","Join Pool"
"0x57114a2dc5991d5f5acccc7d0266bbfbb4d1b3dd79d694c4defc4bf71de6fe58","16543045","1675364231","2023-02-02 18:57:11","0x75f2bbf3a10b67134a780fb7d6da5808265111f7","0x08d3f2cae4eacdcbfb0f7ffad07a6d00fc36db6e","18,011.656400787549072512","Stake"
"0xfa6a6fd1dd66533d11ed405a37e235d503c2bbf716bdc3fe88c67fe74f0ac6f6","16543057","1675364375","2023-02-02 18:59:35","0x0000000000000000000000000000000000000000","0x75f2bbf3a10b67134a780fb7d6da5808265111f7","33,921.94553685187905464","Join Pool"
"0xc1698e2545ed4e68c6d6e2baaeedcba38bc1e1fc53f22cb152218bfb39cd938d","16543060","1675364411","2023-02-02 19:00:11","0x75f2bbf3a10b67134a780fb7d6da5808265111f7","0x08d3f2cae4eacdcbfb0f7ffad07a6d00fc36db6e","33,921.94553685187905464","Stake"
"0x89096cbfa302371a1882cbc155e6b56b20c863897e9c785dd46d1671ba796a33","16543151","1675365515","2023-02-02 19:18:35","0x0000000000000000000000000000000000000000","0x75f2bbf3a10b67134a780fb7d6da5808265111f7","12,726.663777111999187293","Join Pool"
"0x0db19bd990d6a97d10078b3f53fd6d57f77b30e3a1b9d8c85ef4de6524fec400","16543161","1675365635","2023-02-02 19:20:35","0x75f2bbf3a10b67134a780fb7d6da5808265111f7","0x08d3f2cae4eacdcbfb0f7ffad07a6d00fc36db6e","12,726.663777111999187293","Stake"
"0xb4497c3ce64e0f3499381f79c2d53ad995a75be6233c8b83ca9fe96de7e4a2fa","16543170","1675365755","2023-02-02 19:22:35","0x0000000000000000000000000000000000000000","0x75f2bbf3a10b67134a780fb7d6da5808265111f7","2,335.318082773459113103","Join Pool"
"0x380a5b4cb3af83c294e8ce97f0bfcc559cd2d5d9c4d5223ddf1251b5a1e1e9df","16543182","1675365899","2023-02-02 19:24:59","0x0000000000000000000000000000000000000000","0x75f2bbf3a10b67134a780fb7d6da5808265111f7","232.653041816049278042","Join Pool"
"0x5edbe12ba9b3d0ea689719e0f86e612896e9d22dada04e5af1a1327d4cc48750","16543185","1675365935","2023-02-02 19:25:35","0x75f2bbf3a10b67134a780fb7d6da5808265111f7","0x08d3f2cae4eacdcbfb0f7ffad07a6d00fc36db6e","2,567.971124589508391145","Stake"
"0x4bcead03459b82f51593296f0a2c42d6f40675199bb65d6934e69922c97c8f11","16543271","1675366979","2023-02-02 19:42:59","0x0000000000000000000000000000000000000000","0x75f2bbf3a10b67134a780fb7d6da5808265111f7","3,862.603643474154122443","Join Pool"
"0x200e48d0c79220a58e07fde5600d368db7ad42639099a5424a765f81c528dc61","16543275","1675367027","2023-02-02 19:43:47","0x75f2bbf3a10b67134a780fb7d6da5808265111f7","0x08d3f2cae4eacdcbfb0f7ffad07a6d00fc36db6e","3,862.603643474154122443","Stake"
"0xad53ab658fbdfb8fad26596aec9eb904211b9a0912a07b78cc00ffcb9c5ac3e7","16559372","1675561391","2023-02-05 01:43:11","0x0000000000000000000000000000000000000000","0x03a0f12a0a03d93a749fa0f404e2018c0c5ea9af","4,864.354232248712720641","Join Pool"
"0x5766bcb695e7af7dbee07e684725169857e3239605fcc765bfea8efb5ee552e4","16559381","1675561499","2023-02-05 01:44:59","0x03a0f12a0a03d93a749fa0f404e2018c0c5ea9af","0x08d3f2cae4eacdcbfb0f7ffad07a6d00fc36db6e","4,864.354232248712720641","Stake"
"0xee43bd88cccd5288bd13fc1e3883aedee99365c936a68416418f735fe63c17c9","16583503","1675852559","2023-02-08 10:35:59","0x0000000000000000000000000000000000000000","0x1a7eedeadc8e38fadff8719f22d9ca54eda406a0","69,274.241624387705025915","Join Pool"
"0xec521176293c16f30e82a841b18e1e871383e227b8e37de87a29c433b2ecb94a","16583507","1675852607","2023-02-08 10:36:47","0x1a7eedeadc8e38fadff8719f22d9ca54eda406a0","0x08d3f2cae4eacdcbfb0f7ffad07a6d00fc36db6e","69,274.241624387705025915","Stake"
"0x072db8ee38f0534a08d01719f16cec248af6c62ba5c8d2eebd71179ec4cfc988","16654475","1676710607","2023-02-18 08:56:47","0x0000000000000000000000000000000000000000","0x79b60c8d4168c32c49c454e911fa847c7f4467d0","64,904.380332448521617551","Join Pool"
"0xcbad1192ff06de128224d6c056ff934da094758118e424581c743fdeb4b990e6","16654508","1676711003","2023-02-18 09:03:23","0x79b60c8d4168c32c49c454e911fa847c7f4467d0","0x08d3f2cae4eacdcbfb0f7ffad07a6d00fc36db6e","64,904.380332448521617551","Stake"
"0x841bdbdfd94168a73600d5542b2ff2e3c8f2db05f0486d1c80287474e8009e32","16669328","1676890931","2023-02-20 11:02:11","0x08d3f2cae4eacdcbfb0f7ffad07a6d00fc36db6e","0x75f2bbf3a10b67134a780fb7d6da5808265111f7","4,000","Withdraw"
"0xacda781f96c0207efe2f6c3fae62e3db39dab5510b0c9cda12828ae43de7ab18","16669341","1676891087","2023-02-20 11:04:47","0x75f2bbf3a10b67134a780fb7d6da5808265111f7","0x0000000000000000000000000000000000000000","4,000","Exit Pool"
"0xc6719ed92db43b9e3b6b655beb2d9ebea56ecdf015388e1a55642c8bb3604d33","16675619","1676967299","2023-02-21 08:14:59","0x08d3f2cae4eacdcbfb0f7ffad07a6d00fc36db6e","0x75f2bbf3a10b67134a780fb7d6da5808265111f7","6,000","Withdraw"
"0x758d60efc2f272e98bb29f7e7f63bf020e78b43c93d9d7304f57843483489066","16675634","1676967479","2023-02-21 08:17:59","0x75f2bbf3a10b67134a780fb7d6da5808265111f7","0x0000000000000000000000000000000000000000","6,000","Exit Pool"
"0x36027e108e67ae5c0c38e58aa528306d0dcfef65e86499db9c9df0a70a622aa4","16677608","1676991347","2023-02-21 14:55:47","0x08d3f2cae4eacdcbfb0f7ffad07a6d00fc36db6e","0xd79b7570e9a612c2bbfa969ddd53610dbbe30bcd","6,000","Withdraw"
"0x3064992f07c8c30e2418bbc23e2618604e85ecc5fe17fb1485081ea2fb58dd45","16677617","1676991455","2023-02-21 14:57:35","0xd79b7570e9a612c2bbfa969ddd53610dbbe30bcd","0x0000000000000000000000000000000000000000","6,000","Exit Pool"
"0x01aa2f54c150773474dbb3b4fcc3047b11d333eaf819adf602317a236c6e0729","16735093","1677689771","2023-03-01 16:56:11","0x08d3f2cae4eacdcbfb0f7ffad07a6d00fc36db6e","0xd79b7570e9a612c2bbfa969ddd53610dbbe30bcd","12,000","Withdraw"
"0x45967fea4df23da2cfacaee8ae0cf7945db507d940ac50039671877303987de4","16735104","1677689903","2023-03-01 16:58:23","0xd79b7570e9a612c2bbfa969ddd53610dbbe30bcd","0x0000000000000000000000000000000000000000","12,000","Exit Pool"
"0x72f236037cfbdbc8b8305bd1d1b63d73c585a61b83aafd2b46c2bdbdca87bb0b","16737301","1677716615","2023-03-02 00:23:35","0x08d3f2cae4eacdcbfb0f7ffad07a6d00fc36db6e","0x6d4983491593010e44f260e67f06969066701e50","8,063.289914360168281933","Withdraw"
"0x306e96085e530251251e48dce9f1450b2bc9f9dc6d96c8b674cb61420d1cf7f9","16737311","1677716735","2023-03-02 00:25:35","0x6d4983491593010e44f260e67f06969066701e50","0x0000000000000000000000000000000000000000","8,063.289914360168281933","Exit Pool"
"0x6c78cb85caaa4b5d2f43ec490ca260fd30310e3ef1372af78cb2d6ff6e422354","16759822","1677990407","2023-03-05 04:26:47","0x0000000000000000000000000000000000000000","0x291f34a777edbba13554f72e79d74862f5e824e2","2,639.792915663634580784","Join Pool"
"0x9b3fb0eee546888a97eca4a47657d544d16e9f94b4811fbcd8ecb2a3932cc1d8","16759932","1677991727","2023-03-05 04:48:47","0x291f34a777edbba13554f72e79d74862f5e824e2","0x08d3f2cae4eacdcbfb0f7ffad07a6d00fc36db6e","2,639.79291","Stake"
"0xe57546929a3d3da14cc872d8065701bc96052868973d0c8bd560abf9af6a19a9","16785521","1678302623","2023-03-08 19:10:23","0x08d3f2cae4eacdcbfb0f7ffad07a6d00fc36db6e","0x30a20b0281df39e6337c3cbe5865e6fdcdcce3f1","85,730","Withdraw"
"0x0cac358862983272834b4c875c2f463a8243a13479efe3e8de49f49b0ad2636c","16785535","1678302791","2023-03-08 19:13:11","0x30a20b0281df39e6337c3cbe5865e6fdcdcce3f1","0x0000000000000000000000000000000000000000","85,730","Exit Pool"
"0x72266f6b9622b84aa7817047ca6b457c95a1b6d90ddf97bb7064459ff5f94149","16805839","1678549847","2023-03-11 15:50:47","0x08d3f2cae4eacdcbfb0f7ffad07a6d00fc36db6e","0x30a20b0281df39e6337c3cbe5865e6fdcdcce3f1","21,999.572648083034837576","Withdraw"
"0x7561ae4bf102cd2f765d49604ea6127c356b08c7c04d62189cf9f0bf46b2cde3","16805851","1678549991","2023-03-11 15:53:11","0x30a20b0281df39e6337c3cbe5865e6fdcdcce3f1","0x0000000000000000000000000000000000000000","21,999.572648083034837576","Exit Pool"
"0x9adcab01c46515534d3c41bc263b387ae1a972f201039005c5e2692cb14678e4","16807973","1678575779","2023-03-11 23:02:59","0x0000000000000000000000000000000000000000","0xe0dc24a3d7478eb840dc63baa20fcb06cdb123be","27,673.821970204897391197","Join Pool"
"0x67ff7078fd6b13b956cc16a04bf083e8cec1de51700ca51de319f25ad8e36a33","16807981","1678575875","2023-03-11 23:04:35","0xe0dc24a3d7478eb840dc63baa20fcb06cdb123be","0x08d3f2cae4eacdcbfb0f7ffad07a6d00fc36db6e","27,673.821970204897391197","Stake"
"0xbaaf7bd66edd7e4ab7d86a608fe0913b3a26e94e6d431d096ad1aece9d1caf34","16822525","1678752419","2023-03-14 00:06:59","0x0000000000000000000000000000000000000000","0x78e787da990c86ec7ff37598f30d5431a8772576","596,287.111152964825271225","Exec Transaction"
"0x03783eb841c3a9620a871a910b1ab80e7e5188d59a6cb182cafa579412512b9a","16823980","1678770119","2023-03-14 05:01:59","0x0000000000000000000000000000000000000000","0xe0dc24a3d7478eb840dc63baa20fcb06cdb123be","13,938.187988728343554827","Join Pool"
"0x4def486c008a5da8eb7609eeec4a69f67dc65a685e9fadc7fed548214b7a3140","16823986","1678770191","2023-03-14 05:03:11","0xe0dc24a3d7478eb840dc63baa20fcb06cdb123be","0x08d3f2cae4eacdcbfb0f7ffad07a6d00fc36db6e","13,938.187988728343554827","Stake"
"0xb5398cc9e69939a1818b3190888e53f4f4bc8d812f21c4ff4f4cc7151ea93701","16839150","1678954379","2023-03-16 08:12:59","0x0000000000000000000000000000000000000000","0x79b60c8d4168c32c49c454e911fa847c7f4467d0","68,043.881582574242923147","Join Pool"
"0x76b009018436e50b05473de7dfc4c3c8438782b563ecab0dcf8769df1b356da6","16839164","1678954547","2023-03-16 08:15:47","0x79b60c8d4168c32c49c454e911fa847c7f4467d0","0x08d3f2cae4eacdcbfb0f7ffad07a6d00fc36db6e","68,043.881582574242923147","Stake"
"0xc3a866c33d1466d4f72b4d243e779411c20bca03db86b66c355803be5278d0df","16888691","1679555651","2023-03-23 07:14:11","0x0000000000000000000000000000000000000000","0xd79b7570e9a612c2bbfa969ddd53610dbbe30bcd","11,888.606406850956069536","Join Pool"
"0xf07979ba1d1252c83aa64935479e7b8eb2a9dd83e12d5008053dd09419f847eb","16888703","1679555795","2023-03-23 07:16:35","0xd79b7570e9a612c2bbfa969ddd53610dbbe30bcd","0x08d3f2cae4eacdcbfb0f7ffad07a6d00fc36db6e","11,888.606406850956069536","Stake"
"0x6ff32b8b80b5152b2cbbb3c21104f754cf1fd70944d36c60a1e33e4317e0a0ab","16904874","1679752103","2023-03-25 13:48:23","0x0000000000000000000000000000000000000000","0x6d4983491593010e44f260e67f06969066701e50","3,768.237346069809182615","Join Pool"
"0xd2142be6eb04eb39658358cf0a033bad8b89a893710c29088c10c6005d1cc095","16904878","1679752151","2023-03-25 13:49:11","0x6d4983491593010e44f260e67f06969066701e50","0x08d3f2cae4eacdcbfb0f7ffad07a6d00fc36db6e","3,768.237346069809182615","Stake"
